-- MySQL dump 10.13  Distrib 5.6.28, for Linux (x86_64)
--
-- Host: localhost    Database: ADOR_PRODUCTS
-- ------------------------------------------------------
-- Server version	5.6.28

/*!40101 SET @OLD_CHARACTER_SET_CLIENT=@@CHARACTER_SET_CLIENT */;
/*!40101 SET @OLD_CHARACTER_SET_RESULTS=@@CHARACTER_SET_RESULTS */;
/*!40101 SET @OLD_COLLATION_CONNECTION=@@COLLATION_CONNECTION */;
/*!40101 SET NAMES utf8 */;
/*!40103 SET @OLD_TIME_ZONE=@@TIME_ZONE */;
/*!40103 SET TIME_ZONE='+00:00' */;
/*!40014 SET @OLD_UNIQUE_CHECKS=@@UNIQUE_CHECKS, UNIQUE_CHECKS=0 */;
/*!40014 SET @OLD_FOREIGN_KEY_CHECKS=@@FOREIGN_KEY_CHECKS, FOREIGN_KEY_CHECKS=0 */;
/*!40101 SET @OLD_SQL_MODE=@@SQL_MODE, SQL_MODE='NO_AUTO_VALUE_ON_ZERO' */;
/*!40111 SET @OLD_SQL_NOTES=@@SQL_NOTES, SQL_NOTES=0 */;

--
-- Table structure for table `OUTLET`
--

DROP TABLE IF EXISTS `OUTLET`;
/*!40101 SET @saved_cs_client     = @@character_set_client */;
/*!40101 SET character_set_client = utf8 */;
CREATE TABLE `OUTLET` (
  `OUTLET_ID` int(11) NOT NULL AUTO_INCREMENT,
  `OUTLET_NAME` varchar(50) DEFAULT NULL,
  PRIMARY KEY (`OUTLET_ID`)
) ENGINE=InnoDB AUTO_INCREMENT=27 DEFAULT CHARSET=latin1;
/*!40101 SET character_set_client = @saved_cs_client */;

--
-- Dumping data for table `OUTLET`
--

LOCK TABLES `OUTLET` WRITE;
/*!40000 ALTER TABLE `OUTLET` DISABLE KEYS */;
INSERT INTO `OUTLET` VALUES (1,'Azim Pur'),(2,'Central Basabo -2'),(3,'Green Road'),(4,'Jatrabari-2'),(5,'Kazipara -2'),(6,'Khilgaon'),(7,'Khilkhet Lake City'),(8,'Malibag'),(9,'Monsorabad'),(10,'Mirpur 12'),(11,'Mirpur  six'),(12,'Mohanogor'),(13,'Monipuripara'),(14,'Monipuripara'),(15,'North Bonosri'),(16,'Postagola'),(17,'Rampura'),(18,'Sontek Kajla'),(19,'SYL Pathantola'),(20,'SYL Shajalal'),(21,'SYL Zindabazar'),(22,'Uttara-11'),(23,'Wari New'),(24,'West Kafrul'),(25,'Gopibag'),(26,'Uttara 6');
/*!40000 ALTER TABLE `OUTLET` ENABLE KEYS */;
UNLOCK TABLES;

--
-- Table structure for table `PRODUCT`
--

DROP TABLE IF EXISTS `PRODUCT`;
/*!40101 SET @saved_cs_client     = @@character_set_client */;
/*!40101 SET character_set_client = utf8 */;
CREATE TABLE `PRODUCT` (
  `PRODUCT_NUMBER` varchar(11) NOT NULL DEFAULT '',
  `PRODUCT_NAME` varchar(100) DEFAULT NULL,
  PRIMARY KEY (`PRODUCT_NUMBER`)
) ENGINE=InnoDB DEFAULT CHARSET=latin1;
/*!40101 SET character_set_client = @saved_cs_client */;

--
-- Dumping data for table `PRODUCT`
--

LOCK TABLES `PRODUCT` WRITE;
/*!40000 ALTER TABLE `PRODUCT` DISABLE KEYS */;
INSERT INTO `PRODUCT` VALUES ('3311112','Nima Full'),('3311113','Kids Felalin Dress 0'),('3311114','Kids Felalin Dress 10'),('3311115','Kids Felalin Dress 12'),('3341186','New Baby Khata -s'),('3341187','New Baby Khata -B'),('3341188','New Baby  Nima'),('3341189','New Nima Frock'),('3341190','New Baby  Napy'),('3341191','New Baby  Napy (D)'),('3341192','New  Khatha Set'),('3341193','New Baby Set special 0'),('3341194','New Baby Set special  10'),('3341195','New Baby Set special 12'),('3347462',' Baby Ganji set 14'),('3347463',' Baby Ganji set  16'),('3347464',' Baby Ganji set  18'),('3347465',' Baby Ganji set  20'),('3350047','Ador Winter Set(Boys)-0'),('3350048','Ador Winter Set(Girls)-0'),('3350049','Ador Winter Set(Boys)-10'),('3350050','Ador Winter Set(Girls)-10');
/*!40000 ALTER TABLE `PRODUCT` ENABLE KEYS */;
UNLOCK TABLES;

--
-- Table structure for table `SALES`
--

DROP TABLE IF EXISTS `SALES`;
/*!40101 SET @saved_cs_client     = @@character_set_client */;
/*!40101 SET character_set_client = utf8 */;
CREATE TABLE `SALES` (
  `SALES_DATE` date DEFAULT NULL,
  `OUTLET_ID` int(11) DEFAULT NULL,
  `PRODUCT_NUMBER` varchar(11) DEFAULT NULL,
  `QUANTITY` int(11) DEFAULT NULL
) ENGINE=InnoDB DEFAULT CHARSET=latin1;
/*!40101 SET character_set_client = @saved_cs_client */;

--
-- Dumping data for table `SALES`
--

LOCK TABLES `SALES` WRITE;
/*!40000 ALTER TABLE `SALES` DISABLE KEYS */;
INSERT INTO `SALES` VALUES ('2015-08-31',25,'3341192',2),('2015-08-31',25,'3341191',19),('2015-08-31',25,'3341187',12),('2015-08-31',3,'3341192',1),('2015-08-31',3,'3341190',8),('2015-08-31',3,'3341191',-2),('2015-08-31',3,'3341187',6),('2015-08-31',3,'3341186',-5),('2015-08-31',3,'3341194',2),('2015-08-31',3,'3341189',5),('2015-08-31',4,'3341192',4),('2015-08-31',4,'3341190',13),('2015-08-31',4,'3341188',27),('2015-08-31',4,'3341187',20),('2015-08-31',4,'3341186',16),('2015-08-31',4,'3341194',19),('2015-08-31',4,'3341193',20),('2015-08-31',4,'3341189',21),('2015-08-31',5,'3347463',5),('2015-08-31',5,'3347464',4),('2015-08-31',5,'3347465',7),('2015-08-31',5,'3347462',4),('2015-08-31',5,'3341192',6),('2015-08-31',5,'3341190',36),('2015-08-31',5,'3341191',35),('2015-08-31',5,'3341188',39),('2015-08-31',5,'3341187',16),('2015-08-31',5,'3341194',27),('2015-08-31',5,'3341193',25),('2015-08-31',5,'3341195',14),('2015-08-31',5,'3341189',56),('2015-08-31',6,'3341188',-4),('2015-08-31',6,'3341187',4),('2015-08-31',6,'3341186',0),('2015-08-31',6,'3341194',14),('2015-08-31',6,'3341193',12),('2015-08-31',6,'3341195',8),('2015-08-31',6,'3341189',23),('2015-08-31',7,'3347464',1),('2015-08-31',7,'3341191',6),('2015-08-31',7,'3341188',1),('2015-08-31',7,'3341187',5),('2015-08-31',7,'3341194',5),('2015-08-31',7,'3341193',6),('2015-08-31',7,'3341189',9),('2015-08-31',8,'3347464',4),('2015-08-31',8,'3341188',-3),('2015-08-31',8,'3341194',11),('2015-08-31',8,'3341193',10),('2015-08-31',8,'3341195',7),('2015-08-31',8,'3341189',8),('2015-08-31',9,'3341192',6),('2015-08-31',9,'3341188',8),('2015-08-31',9,'3341187',4),('2015-08-31',9,'3341194',16),('2015-08-31',10,'3347464',6),('2015-08-31',10,'3341192',0),('2015-08-31',10,'3341190',39),('2015-08-31',10,'3341188',48),('2015-08-31',10,'3341187',0),('2015-08-31',10,'3341194',7),('2015-08-31',10,'3341193',21),('2015-08-31',10,'3341189',22),('2015-08-31',11,'3341189',2),('2015-08-31',12,'3341190',15),('2015-08-31',12,'3341188',0),('2015-08-31',12,'3341194',17),('2015-08-31',12,'3341193',13),('2015-08-31',12,'3341195',8),('2015-08-31',12,'3341189',18),('2015-08-31',14,'3341190',-3),('2015-08-31',14,'3341188',2),('2015-08-31',14,'3341193',4),('2015-08-31',14,'3341195',8),('2015-08-31',15,'3341192',4),('2015-08-31',15,'3341190',-2),('2015-08-31',15,'3341191',12),('2015-08-31',15,'3341188',-6),('2015-08-31',15,'3341187',3),('2015-08-31',15,'3341186',8),('2015-08-31',15,'3341194',4),('2015-08-31',15,'3341193',1),('2015-08-31',15,'3341195',3),('2015-08-31',15,'3341189',-2),('2015-08-31',16,'3341194',0),('2015-08-31',16,'3341193',1),('2015-08-31',16,'3341195',1),('2015-08-31',16,'3341189',8),('2015-08-31',17,'3341190',16),('2015-08-31',17,'3341191',15),('2015-08-31',17,'3341188',-1),('2015-08-31',17,'3341194',7),('2015-08-31',17,'3341193',6),('2015-08-31',17,'3341189',-1),('2015-08-31',18,'3341192',6),('2015-08-31',18,'3341190',20),('2015-08-31',18,'3341191',8),('2015-08-31',18,'3341188',2),('2015-08-31',18,'3341187',4),('2015-08-31',19,'3341192',4),('2015-08-31',19,'3341190',32),('2015-08-31',19,'3341191',60),('2015-08-31',19,'3341188',5),('2015-08-31',19,'3341186',20),('2015-08-31',19,'3341194',13),('2015-08-31',19,'3341193',15),('2015-08-31',19,'3341195',14),('2015-08-31',19,'3341189',10),('2015-09-10',11,'3311114',1),('2015-09-10',11,'3311115',0),('2015-09-10',11,'3341194',5),('2015-09-10',11,'3341193',2),('2015-09-10',11,'3341195',0),('2015-09-10',6,'3341194',12),('2015-09-10',6,'3341193',7),('2015-09-30',5,'3347463',8),('2015-09-30',5,'3347464',7),('2015-09-30',5,'3347465',9),('2015-09-30',5,'3347462',7),('2015-09-30',5,'3341192',4),('2015-09-30',5,'3341190',47),('2015-09-30',5,'3341191',42),('2015-09-30',5,'3341188',29),('2015-09-30',5,'3341187',20),('2015-09-30',5,'3341194',20),('2015-09-30',5,'3341193',19),('2015-09-30',5,'3341195',14),('2015-09-30',5,'3341189',43),('2015-09-30',15,'3341192',0),('2015-09-30',15,'3341190',25),('2015-09-30',15,'3341191',17),('2015-09-30',15,'3341188',2),('2015-09-30',15,'3341187',7),('2015-09-30',15,'3341186',6),('2015-09-30',15,'3341194',9),('2015-09-30',15,'3341193',2),('2015-09-30',15,'3341195',4),('2015-09-30',15,'3341189',2),('2015-09-30',23,'3347463',2),('2015-09-30',23,'3347464',3),('2015-09-30',23,'3347465',2),('2015-09-30',23,'3347462',1),('2015-09-30',23,'3341192',7),('2015-09-30',23,'3341190',15),('2015-09-30',23,'3341191',13),('2015-09-30',23,'3341188',0),('2015-09-30',23,'3341187',17),('2015-09-30',23,'3341186',10),('2015-09-30',23,'3341194',9),('2015-09-30',23,'3341193',8),('2015-09-30',23,'3341195',22),('2015-09-30',23,'3341189',-4),('2015-09-30',19,'3347463',11),('2015-09-30',19,'3347465',9),('2015-09-30',19,'3347462',9),('2015-09-30',19,'3341192',6),('2015-09-30',19,'3341190',25),('2015-09-30',19,'3341191',46),('2015-09-30',19,'3341188',13),('2015-09-30',19,'3341187',22),('2015-09-30',19,'3341186',15),('2015-09-30',19,'3341194',14),('2015-09-30',19,'3341193',12),('2015-09-30',19,'3341195',12),('2015-09-30',19,'3341189',4),('2015-09-30',20,'3347464',7),('2015-09-30',20,'3347465',6),('2015-09-30',20,'3347462',8),('2015-09-30',20,'3341192',12),('2015-09-30',20,'3341190',24),('2015-09-30',20,'3341191',3),('2015-09-30',20,'3341188',22),('2015-09-30',20,'3341187',20),('2015-09-30',20,'3341186',22),('2015-09-30',20,'3341194',13),('2015-09-30',20,'3341193',10),('2015-09-30',20,'3341195',15),('2015-09-30',20,'3341189',21),('2015-09-30',4,'3341192',0),('2015-09-30',4,'3341190',2),('2015-09-30',4,'3341191',16),('2015-09-30',4,'3341188',5),('2015-09-30',4,'3341187',18),('2015-09-30',4,'3341186',10),('2015-09-30',4,'3341194',13),('2015-09-30',4,'3341193',8),('2015-09-30',4,'3341195',21),('2015-09-30',4,'3341189',6),('2015-09-30',21,'3347463',4),('2015-09-30',21,'3347464',3),('2015-09-30',21,'3347465',5),('2015-09-30',21,'3341192',8),('2015-09-30',21,'3341190',5),('2015-09-30',21,'3341191',6),('2015-09-30',21,'3341188',3),('2015-09-30',21,'3341187',8),('2015-09-30',21,'3341186',7),('2015-09-30',21,'3341194',18),('2015-09-30',21,'3341193',16),('2015-09-30',21,'3341189',10),('2015-09-30',2,'3347463',1),('2015-09-30',2,'3341190',23),('2015-09-30',2,'3341188',18),('2015-09-30',2,'3341187',-1),('2015-09-30',2,'3341194',8),('2015-09-30',2,'3341193',19),('2015-09-30',2,'3341189',15),('2015-09-30',3,'3341192',4),('2015-09-30',3,'3341190',46),('2015-09-30',3,'3341191',40),('2015-09-30',3,'3341187',7),('2015-09-30',3,'3341186',6),('2015-09-30',3,'3341194',0),('2015-09-30',3,'3341195',4),('2015-09-30',3,'3341189',4),('2015-09-30',10,'3347463',0),('2015-09-30',10,'3347464',4),('2015-09-30',10,'3341191',26),('2015-09-30',10,'3341188',31),('2015-09-30',10,'3341194',6),('2015-09-30',10,'3341193',6),('2015-09-30',10,'3341195',11),('2015-09-30',10,'3341189',20),('2015-09-30',22,'3341192',-1),('2015-09-30',22,'3341190',9),('2015-09-30',22,'3341191',2),('2015-09-30',22,'3341188',-6),('2015-09-30',22,'3341187',1),('2015-09-30',22,'3341186',-1),('2015-09-30',22,'3341194',16),('2015-09-30',22,'3341193',-2),('2015-09-30',22,'3341189',-5),('2015-09-30',25,'3341192',1),('2015-09-30',25,'3341190',20),('2015-09-30',25,'3341191',18),('2015-09-30',25,'3341188',7),('2015-09-30',25,'3341186',3),('2015-09-30',25,'3341194',5),('2015-09-30',25,'3341193',4),('2015-09-30',25,'3341189',10),('2015-09-30',5,'3341192',2),('2015-09-30',5,'3341188',11),('2015-09-30',5,'3341187',17),('2015-09-30',5,'3341186',-1),('2015-09-30',5,'3341194',13),('2015-09-30',5,'3341193',15),('2015-09-30',5,'3341189',35),('2015-09-30',1,'3341192',7),('2015-09-30',1,'3341187',2),('2015-09-30',1,'3341186',-1),('2015-09-30',1,'3341193',5),('2015-09-30',1,'3341195',5),('2015-09-30',1,'3341189',3),('2015-09-30',8,'3347464',3),('2015-09-30',8,'3341191',1),('2015-09-30',8,'3341194',10),('2015-09-30',8,'3341193',4),('2015-09-30',8,'3341195',6),('2015-09-30',8,'3341189',-1),('2015-09-30',24,'3341192',7),('2015-09-30',24,'3341190',9),('2015-09-30',24,'3341188',2),('2015-09-30',24,'3341194',12),('2015-09-30',24,'3341193',7),('2015-09-30',24,'3341195',13),('2015-09-30',24,'3341189',23),('2015-09-30',11,'3341190',9),('2015-09-30',11,'3341188',5),('2015-09-30',11,'3341194',4),('2015-09-30',11,'3341193',-1),('2015-09-30',11,'3341189',6),('2015-09-30',12,'3341190',13),('2015-09-30',12,'3341188',-3),('2015-09-30',12,'3341194',15),('2015-09-30',12,'3341193',12),('2015-09-30',12,'3341189',11),('2015-09-30',18,'3341192',2),('2015-09-30',18,'3341190',16),('2015-09-30',18,'3341188',0),('2015-09-30',18,'3341189',3),('2015-09-30',7,'3347463',0),('2015-09-30',7,'3347464',0),('2015-09-30',7,'3341187',4),('2015-09-30',7,'3341194',4),('2015-09-30',9,'3341188',6),('2015-09-30',9,'3341187',2),('2015-09-30',9,'3341194',15),('2015-09-30',9,'3341189',1),('2015-09-30',16,'3341191',5),('2015-09-30',16,'3341189',2),('2015-09-30',17,'3341195',8),('2015-09-30',14,'3341189',3),('2015-10-31',15,'3311113',8),('2015-10-31',15,'3311114',9),('2015-10-31',15,'3311115',9),('2015-10-31',15,'3341192',9),('2015-10-31',15,'3341190',6),('2015-10-31',15,'3341191',5),('2015-10-31',15,'3341188',25),('2015-10-31',15,'3341187',7),('2015-10-31',15,'3341186',14),('2015-10-31',15,'3341194',7),('2015-10-31',15,'3341193',8),('2015-10-31',15,'3341195',3),('2015-10-31',15,'3341189',10),('2015-10-31',20,'3347464',3),('2015-10-31',20,'3347465',3),('2015-10-31',20,'3347462',4),('2015-10-31',20,'3311113',1),('2015-10-31',20,'3311114',2),('2015-10-31',20,'3311115',3),('2015-10-31',20,'3341192',8),('2015-10-31',20,'3341190',5),('2015-10-31',20,'3341191',0),('2015-10-31',20,'3341188',11),('2015-10-31',20,'3341187',18),('2015-10-31',20,'3341186',13),('2015-10-31',20,'3341194',12),('2015-10-31',20,'3341193',7),('2015-10-31',20,'3341195',14),('2015-10-31',20,'3341189',14),('2015-10-31',3,'3347464',-4),('2015-10-31',3,'3347465',-3),('2015-10-31',3,'3347462',-4),('2015-10-31',3,'3341192',5),('2015-10-31',3,'3341190',42),('2015-10-31',3,'3341191',21),('2015-10-31',3,'3341187',22),('2015-10-31',3,'3341186',14),('2015-10-31',3,'3341194',4),('2015-10-31',3,'3341193',4),('2015-10-31',5,'3347463',11),('2015-10-31',5,'3347464',9),('2015-10-31',5,'3347465',7),('2015-10-31',5,'3347462',9),('2015-10-31',5,'3341192',1),('2015-10-31',5,'3341190',36),('2015-10-31',5,'3341191',37),('2015-10-31',5,'3341188',31),('2015-10-31',5,'3341187',12),('2015-10-31',5,'3341194',18),('2015-10-31',5,'3341193',23),('2015-10-31',5,'3341195',17),('2015-10-31',5,'3341189',62),('2015-10-31',23,'3347463',1),('2015-10-31',23,'3347464',1),('2015-10-31',23,'3347465',1),('2015-10-31',23,'3347462',0),('2015-10-31',23,'3341192',5),('2015-10-31',23,'3341190',9),('2015-10-31',23,'3341191',16),('2015-10-31',23,'3341188',11),('2015-10-31',23,'3341187',15),('2015-10-31',23,'3341186',5),('2015-10-31',23,'3341194',10),('2015-10-31',23,'3341193',13),('2015-10-31',23,'3341195',17),('2015-10-31',23,'3341189',11),('2015-10-31',19,'3347463',9),('2015-10-31',19,'3347464',11),('2015-10-31',19,'3347462',6),('2015-10-31',19,'3341192',2),('2015-10-31',19,'3341190',19),('2015-10-31',19,'3341191',42),('2015-10-31',19,'3341188',3),('2015-10-31',19,'3341187',16),('2015-10-31',19,'3341186',12),('2015-10-31',19,'3341193',8),('2015-10-31',19,'3341195',11),('2015-10-31',19,'3341189',2),('2015-10-31',2,'3311113',5),('2015-10-31',2,'3311114',4),('2015-10-31',2,'3341190',21),('2015-10-31',2,'3341191',38),('2015-10-31',2,'3341188',28),('2015-10-31',2,'3341194',13),('2015-10-31',2,'3341193',19),('2015-10-31',2,'3341189',10),('2015-10-31',2,'3311112',11),('2015-10-31',21,'3347464',2),('2015-10-31',21,'3347465',4),('2015-10-31',21,'3347462',7),('2015-10-31',21,'3341192',3),('2015-10-31',21,'3341190',0),('2015-10-31',21,'3341191',2),('2015-10-31',21,'3341188',1),('2015-10-31',21,'3341187',4),('2015-10-31',21,'3341186',0),('2015-10-31',21,'3341194',16),('2015-10-31',21,'3341193',13),('2015-10-31',21,'3341189',4),('2015-10-31',6,'3341188',24),('2015-10-31',6,'3341194',6),('2015-10-31',6,'3341193',2),('2015-10-31',6,'3341195',4),('2015-10-31',6,'3341189',12),('2015-10-31',25,'3341190',17),('2015-10-31',25,'3341188',20),('2015-10-31',25,'3341187',7),('2015-10-31',25,'3341186',8),('2015-10-31',25,'3341194',11),('2015-10-31',25,'3341193',11),('2015-10-31',25,'3341195',7),('2015-10-31',25,'3341189',17),('2015-10-31',24,'3341192',5),('2015-10-31',24,'3341190',1),('2015-10-31',24,'3341191',3),('2015-10-31',24,'3341188',-1),('2015-10-31',24,'3341187',6),('2015-10-31',24,'3341186',4),('2015-10-31',24,'3341194',8),('2015-10-31',24,'3341193',4),('2015-10-31',24,'3341189',13),('2015-10-31',10,'3341190',44),('2015-10-31',10,'3341191',30),('2015-10-31',10,'3341188',37),('2015-10-31',10,'3341194',5),('2015-10-31',10,'3341193',21),('2015-10-31',10,'3341189',39),('2015-10-31',8,'3347463',11),('2015-10-31',8,'3347462',5),('2015-10-31',8,'3311113',4),('2015-10-31',8,'3311114',8),('2015-10-31',8,'3341190',27),('2015-10-31',8,'3341188',17),('2015-10-31',8,'3341193',-2),('2015-10-31',8,'3341189',21),('2015-10-31',4,'3341192',-1),('2015-10-31',4,'3341190',24),('2015-10-31',4,'3341191',12),('2015-10-31',4,'3341188',4),('2015-10-31',4,'3341187',13),('2015-10-31',4,'3341194',23),('2015-10-31',4,'3341193',5),('2015-10-31',4,'3341189',15),('2015-10-31',12,'3341192',0),('2015-10-31',12,'3341190',12),('2015-10-31',12,'3341191',35),('2015-10-31',12,'3341188',-4),('2015-10-31',12,'3341187',4),('2015-10-31',12,'3341194',14),('2015-10-31',12,'3341193',8),('2015-10-31',12,'3341189',7),('2015-10-31',11,'3341191',0),('2015-10-31',11,'3341188',2),('2015-10-31',11,'3341189',4),('2015-10-31',7,'3341192',4),('2015-10-31',7,'3341188',17),('2015-10-31',7,'3341194',14),('2015-10-31',7,'3341195',9),('2015-10-31',7,'3341189',20),('2015-10-31',1,'3311115',4),('2015-10-31',1,'3341186',8),('2015-10-31',1,'3341193',9),('2015-10-31',14,'3341192',5),('2015-10-31',9,'3341192',3),('2015-10-31',9,'3341186',-1),('2015-10-31',9,'3341194',14),('2015-10-31',9,'3341193',7),('2015-10-31',17,'3341194',6),('2015-10-31',17,'3341193',5),('2015-10-31',17,'3341189',-3),('2015-10-31',22,'3341188',-7),('2015-10-31',22,'3341194',15),('2015-10-31',22,'3341193',-3),('2015-10-31',22,'3341189',-6),('2015-10-31',18,'3341190',12),('2015-10-31',18,'3341187',3),('2015-11-29',1,'3347464',-3),('2015-11-29',1,'3347465',-4),('2015-11-29',1,'3341188',5),('2015-11-29',1,'3341194',9),('2015-11-29',1,'3341193',4),('2015-11-29',1,'3341195',9),('2015-11-29',1,'3341189',8),('2015-11-30',3,'3350047',1),('2015-11-30',3,'3350049',1),('2015-11-30',3,'3350048',0),('2015-11-30',3,'3350050',3),('2015-11-30',3,'3341192',3),('2015-11-30',3,'3341190',8),('2015-11-30',3,'3341191',13),('2015-11-30',3,'3341188',10),('2015-11-30',3,'3341187',31),('2015-11-30',3,'3341186',20),('2015-11-30',3,'3341194',2),('2015-11-30',3,'3341193',2),('2015-11-30',3,'3311112',10),('2015-11-30',19,'3347463',8),('2015-11-30',19,'3347465',8),('2015-11-30',19,'3350047',7),('2015-11-30',19,'3350049',9),('2015-11-30',19,'3350048',5),('2015-11-30',19,'3350050',6),('2015-11-30',19,'3311115',9),('2015-11-30',19,'3341192',1),('2015-11-30',19,'3341190',16),('2015-11-30',19,'3341187',15),('2015-11-30',19,'3341186',10),('2015-11-30',19,'3341194',12),('2015-11-30',19,'3341193',6),('2015-11-30',19,'3341189',1),('2015-11-30',19,'3311112',9),('2015-12-30',10,'3350047',1),('2015-12-30',10,'3350049',2),('2015-12-30',10,'3350048',5),('2015-12-30',10,'3350050',4),('2015-12-30',10,'3311115',5),('2015-12-30',10,'3341192',5),('2015-12-30',10,'3341190',31),('2015-12-30',10,'3341191',17),('2015-12-30',10,'3341188',20),('2015-12-30',10,'3341193',14),('2015-12-30',10,'3341189',34),('2015-12-30',10,'3311112',2),('2015-11-30',8,'3311113',0),('2015-11-30',8,'3311114',1),('2015-11-30',8,'3311115',2),('2015-11-30',8,'3341190',18),('2015-11-30',8,'3341191',21),('2015-11-30',8,'3341188',14),('2015-11-30',8,'3341194',9),('2015-11-30',8,'3341193',3),('2015-11-30',8,'3341189',20),('2015-11-30',8,'3311112',15),('2015-11-30',20,'3347464',2),('2015-11-30',20,'3347465',2),('2015-11-30',20,'3347462',2),('2015-11-30',20,'3350049',7),('2015-11-30',20,'3350048',9),('2015-11-30',20,'3350050',8),('2015-11-30',20,'3311113',0),('2015-11-30',20,'3311114',0),('2015-11-30',20,'3341192',6),('2015-11-30',20,'3341190',0),('2015-11-30',20,'3341191',23),('2015-11-30',20,'3341188',8),('2015-11-30',20,'3341187',17),('2015-11-30',20,'3341186',22),('2015-11-30',20,'3341194',10),('2015-11-30',20,'3341193',6),('2015-11-30',20,'3341195',13),('2015-11-30',20,'3311112',21),('2015-11-30',1,'3311113',9),('2015-11-30',1,'3311114',3),('2015-11-30',1,'3311115',2),('2015-11-30',1,'3341190',20),('2015-11-30',1,'3341188',-10),('2015-11-30',1,'3341187',8),('2015-11-30',1,'3341186',5),('2015-11-30',1,'3341194',7),('2015-11-30',1,'3341193',2),('2015-11-30',1,'3341189',5),('2015-11-30',1,'3311112',9),('2015-11-30',2,'3311113',3),('2015-11-30',2,'3311114',6),('2015-11-30',2,'3311115',5),('2015-11-30',2,'3341190',20),('2015-11-30',2,'3341191',37),('2015-11-30',2,'3341188',25),('2015-11-30',2,'3341193',18),('2015-11-30',2,'3311112',5),('2015-12-30',6,'3350047',-1),('2015-12-30',6,'3350049',-1),('2015-12-30',6,'3341192',2),('2015-12-30',6,'3341188',20),('2015-12-30',6,'3341187',4),('2015-12-30',6,'3341186',1),('2015-12-30',6,'3341194',4),('2015-12-30',6,'3341193',-2),('2015-12-30',6,'3341195',2),('2015-12-30',6,'3341189',10),('2015-12-30',6,'3311112',-1),('2015-11-30',11,'3350047',7),('2015-11-30',11,'3350049',10),('2015-11-30',11,'3350048',8),('2015-11-30',11,'3350050',8),('2015-11-30',11,'3341190',2),('2015-11-30',11,'3341194',3),('2015-11-30',11,'3341189',2),('2015-11-30',11,'3311112',1),('2015-11-30',15,'3311113',6),('2015-11-30',15,'3311114',7),('2015-11-30',15,'3341192',6),('2015-11-30',15,'3341190',3),('2015-11-30',15,'3341191',3),('2015-11-30',15,'3341188',21),('2015-11-30',15,'3341187',6),('2015-11-30',15,'3341186',8),('2015-11-30',15,'3341194',4),('2015-11-30',15,'3341193',5),('2015-11-30',15,'3341189',8),('2015-11-30',25,'3350047',9),('2015-11-30',25,'3350048',11),('2015-11-30',25,'3350050',11),('2015-11-30',25,'3341190',13),('2015-11-30',25,'3341191',22),('2015-11-30',25,'3341188',14),('2015-11-30',25,'3341187',-1),('2015-11-30',25,'3341186',7),('2015-11-30',25,'3341193',9),('2015-11-30',25,'3341189',13),('2015-11-30',25,'3311112',17),('2015-11-30',7,'3350047',10),('2015-11-30',7,'3350049',9),('2015-11-30',7,'3350048',10),('2015-11-30',7,'3341190',11),('2015-11-30',7,'3341191',10),('2015-11-30',7,'3341188',7),('2015-11-30',7,'3341193',17),('2015-11-30',7,'3341189',14),('2015-11-30',7,'3311112',6),('2015-11-30',4,'3311114',2),('2015-11-30',4,'3341188',-3),('2015-11-30',4,'3341187',12),('2015-11-30',4,'3341194',22),('2015-11-30',4,'3341193',-1),('2015-11-30',4,'3341189',9),('2015-11-30',18,'3341192',7),('2015-11-30',18,'3341190',6),('2015-11-30',18,'3341191',4),('2015-11-30',18,'3341187',13),('2015-11-30',18,'3341186',11),('2015-11-30',18,'3341189',13),('2015-11-30',18,'3311112',20),('2015-11-30',21,'3347464',0),('2015-11-30',21,'3347462',6),('2015-11-30',21,'3311114',1),('2015-11-30',21,'3341192',2),('2015-11-30',21,'3341187',3),('2015-11-30',21,'3341194',15),('2015-11-30',21,'3341193',12),('2015-11-30',21,'3341189',3),('2015-11-30',12,'3341191',33),('2015-11-30',12,'3341194',13),('2015-11-30',12,'3341189',6),('2015-11-30',24,'3341192',4),('2015-11-30',24,'3341190',-1),('2015-11-30',24,'3341191',2),('2015-11-30',24,'3341188',-2),('2015-11-30',24,'3341194',7),('2015-11-30',24,'3341189',10),('2015-11-30',14,'3341192',3),('2015-11-30',14,'3341189',2),('2015-11-30',9,'3341187',1),('2015-11-30',9,'3341194',12),('2015-11-30',9,'3311112',-1),('2015-12-27',9,'3311114',0),('2015-12-27',9,'3341194',0),('2015-12-27',9,'3341193',0),('2015-12-27',9,'3341195',4),('2015-12-27',9,'3341189',0),('2015-12-27',9,'3311112',21),('2015-12-31',1,'3311113',8),('2015-12-31',1,'3311115',1),('2015-12-31',1,'3341189',1),('2015-12-31',1,'3311112',7),('2015-12-31',2,'3311113',2),('2015-12-31',2,'3311114',5),('2015-12-31',2,'3311115',4),('2015-12-31',2,'3341191',31),('2015-12-31',2,'3341194',12),('2015-12-31',2,'3341193',17),('2015-12-31',2,'3341189',9),('2015-12-31',3,'3350047',4),('2015-12-31',3,'3350049',1),('2015-12-31',3,'3350048',3),('2015-12-31',3,'3350050',5),('2015-12-31',3,'3341192',1),('2015-12-31',3,'3341190',22),('2015-12-31',3,'3341191',10),('2015-12-31',3,'3341188',6),('2015-12-31',3,'3341187',13),('2015-12-31',3,'3341186',5),('2015-12-31',3,'3341194',1),('2015-12-31',3,'3311112',0),('2015-12-31',15,'3350047',3),('2015-12-31',15,'3350049',7),('2015-12-31',15,'3350048',7),('2015-12-31',15,'3350050',8),('2015-12-31',15,'3341192',24),('2015-12-31',15,'3341190',11),('2015-12-31',15,'3341191',16),('2015-12-31',15,'3341187',13),('2015-12-31',15,'3341194',3),('2015-12-31',15,'3341193',4),('2015-12-31',15,'3311112',11),('2015-12-31',5,'3350047',20),('2015-12-31',5,'3350049',21),('2015-12-31',5,'3350048',19),('2015-12-31',5,'3350050',12),('2015-12-31',5,'3341190',28),('2015-12-31',5,'3341191',45),('2015-12-31',5,'3341187',11),('2015-12-31',5,'3341193',35),('2015-12-31',5,'3341189',68),('2015-12-31',5,'3311112',25),('2015-12-31',19,'3350047',1),('2015-12-31',19,'3350049',1),('2015-12-31',19,'3350048',2),('2015-12-31',19,'3350050',5),('2015-12-31',19,'3311115',8),('2015-12-31',19,'3341192',0),('2015-12-31',19,'3341190',10),('2015-12-31',19,'3341191',38),('2015-12-31',19,'3341188',15),('2015-12-31',19,'3341187',14),('2015-12-31',19,'3341186',9),('2015-12-31',19,'3341194',11),('2015-12-31',19,'3341193',4),('2015-12-31',19,'3311112',7),('2015-12-31',7,'3350047',6),('2015-12-31',7,'3350049',2),('2015-12-31',7,'3350048',7),('2015-12-31',7,'3350050',7),('2015-12-31',7,'3341193',16),('2015-12-31',20,'3350047',8),('2015-12-31',20,'3350049',2),('2015-12-31',20,'3350048',7),('2015-12-31',20,'3350050',7),('2015-12-31',20,'3341192',5),('2015-12-31',20,'3341190',-3),('2015-12-31',20,'3341191',18),('2015-12-31',20,'3341188',2),('2015-12-31',20,'3341186',15),('2015-12-31',6,'3350047',1),('2015-12-31',6,'3350049',-1),('2015-12-31',6,'3350048',2),('2015-12-31',6,'3350050',4),('2015-12-31',6,'3341192',9),('2015-12-31',6,'3311112',1),('2015-12-31',23,'3350047',1),('2015-12-31',23,'3350049',2),('2015-12-31',23,'3350048',4),('2015-12-31',23,'3350050',7),('2015-12-31',23,'3341188',-1),('2015-12-31',23,'3341186',10),('2015-12-31',23,'3341189',7),('2015-12-31',23,'3311112',13),('2015-12-31',11,'3350047',10),('2015-12-31',11,'3350049',12),('2015-12-31',11,'3350048',9),('2015-12-31',11,'3350050',12),('2015-12-31',11,'3341190',1),('2015-12-31',25,'3350047',6),('2015-12-31',25,'3350049',10),('2015-12-31',25,'3350048',8),('2015-12-31',25,'3350050',9),('2015-12-31',25,'3341190',8),('2015-12-31',25,'3341191',17),('2015-12-31',25,'3341188',12),('2015-12-31',25,'3341186',5),('2015-12-31',10,'3350047',12),('2015-12-31',10,'3350048',14),('2015-12-31',10,'3350050',14),('2015-12-31',10,'3311115',4),('2015-12-31',10,'3341192',4),('2015-12-31',10,'3341190',27),('2015-12-31',10,'3341186',10),('2015-12-31',10,'3341189',33),('2015-12-31',10,'3311112',16),('2015-12-31',18,'3350048',-1),('2015-12-31',18,'3341191',1),('2015-12-31',18,'3341187',7),('2015-12-31',18,'3341186',9),('2015-12-31',18,'3311112',42),('2015-12-31',12,'3311114',1),('2015-12-31',12,'3341188',-5),('2015-12-31',12,'3341187',3),('2015-12-31',12,'3341189',4),('2015-12-31',26,'3350049',8),('2015-12-31',26,'3350048',9),('2015-12-31',26,'3350050',5),('2015-12-31',26,'3341188',15),('2015-12-31',8,'3347462',4),('2015-12-31',8,'3341192',0),('2015-12-31',8,'3341194',8),('2015-12-31',8,'3311112',13),('2015-12-31',24,'3341194',6),('2015-12-31',4,'3350048',5),('2015-12-31',4,'3350050',5),('2015-12-31',9,'3350047',5),('2015-12-31',9,'3350049',5),('2015-12-31',14,'3341192',2);
/*!40000 ALTER TABLE `SALES` ENABLE KEYS */;
UNLOCK TABLES;

--
-- Table structure for table `STOCK`
--

DROP TABLE IF EXISTS `STOCK`;
/*!40101 SET @saved_cs_client     = @@character_set_client */;
/*!40101 SET character_set_client = utf8 */;
CREATE TABLE `STOCK` (
  `OUTLET_ID` int(11) DEFAULT NULL,
  `PRODUCT_NUMBER` varchar(11) DEFAULT NULL,
  `QUANTITY` int(11) DEFAULT NULL
) ENGINE=InnoDB DEFAULT CHARSET=latin1;
/*!40101 SET character_set_client = @saved_cs_client */;

--
-- Dumping data for table `STOCK`
--

LOCK TABLES `STOCK` WRITE;
/*!40000 ALTER TABLE `STOCK` DISABLE KEYS */;
INSERT INTO `STOCK` VALUES (1,'3347463',0),(1,'3347464',0),(1,'3347465',0),(1,'3347462',0),(1,'3311113',8),(1,'3311114',3),(1,'3311115',1),(1,'3341192',7),(1,'3341190',20),(1,'3341191',20),(1,'3341188',0),(1,'3341187',0),(1,'3341186',5),(1,'3341194',7),(1,'3341193',2),(1,'3341195',9),(1,'3341189',1),(2,'3347463',1),(2,'3347464',0),(2,'3347465',0),(2,'3347462',0),(2,'3311113',2),(2,'3311114',5),(2,'3311115',4),(2,'3341192',0),(2,'3341190',20),(2,'3341191',31),(2,'3341188',25),(2,'3341187',0),(2,'3341186',1),(2,'3341194',12),(2,'3341193',17),(2,'3341195',0),(2,'3341189',9),(3,'3347463',0),(3,'3347464',0),(3,'3347465',0),(3,'3347462',0),(3,'3311113',2),(3,'3311114',1),(3,'3311115',3),(3,'3341192',1),(3,'3341190',22),(3,'3341191',10),(3,'3341188',6),(3,'3341187',13),(3,'3341186',5),(3,'3341194',1),(3,'3341193',2),(3,'3341195',4),(3,'3341189',4),(4,'3347463',0),(4,'3347464',0),(4,'3347465',0),(4,'3347462',0),(4,'3311113',0),(4,'3311114',2),(4,'3311115',2),(4,'3341192',-1),(4,'3341190',24),(4,'3341191',12),(4,'3341188',-3),(4,'3341187',12),(4,'3341186',10),(4,'3341194',22),(4,'3341193',11),(4,'3341195',21),(4,'3341189',9),(5,'3347463',14),(5,'3347464',10),(5,'3347465',7),(5,'3347462',11),(5,'3311113',6),(5,'3311114',4),(5,'3311115',3),(5,'3341192',1),(5,'3341190',28),(5,'3341191',45),(5,'3341188',31),(5,'3341187',11),(5,'3341186',-1),(5,'3341194',19),(5,'3341193',35),(5,'3341195',18),(5,'3341189',68),(6,'3347463',0),(6,'3347464',0),(6,'3347465',0),(6,'3347462',0),(6,'3311113',2),(6,'3311114',1),(6,'3311115',1),(6,'3341192',9),(6,'3341190',0),(6,'3341191',0),(6,'3341188',20),(6,'3341187',14),(6,'3341186',11),(6,'3341194',14),(6,'3341193',8),(6,'3341195',12),(6,'3341189',30),(7,'3347463',0),(7,'3347464',0),(7,'3347465',0),(7,'3347462',0),(7,'3311113',3),(7,'3311114',2),(7,'3311115',4),(7,'3341192',4),(7,'3341190',11),(7,'3341191',10),(7,'3341188',7),(7,'3341187',16),(7,'3341186',21),(7,'3341194',14),(7,'3341193',16),(7,'3341195',9),(7,'3341189',14),(8,'3347463',11),(8,'3347464',3),(8,'3347465',7),(8,'3347462',4),(8,'3311113',0),(8,'3311114',1),(8,'3311115',2),(8,'3341192',0),(8,'3341190',18),(8,'3341191',21),(8,'3341188',14),(8,'3341187',4),(8,'3341186',1),(8,'3341194',8),(8,'3341193',3),(8,'3341195',6),(8,'3341189',20),(9,'3347463',0),(9,'3347464',0),(9,'3347465',0),(9,'3347462',0),(9,'3311113',0),(9,'3311114',0),(9,'3311115',0),(9,'3341192',3),(9,'3341190',0),(9,'3341191',0),(9,'3341188',6),(9,'3341187',1),(9,'3341186',-1),(9,'3341194',0),(9,'3341193',0),(9,'3341195',4),(9,'3341189',0),(10,'3347463',0),(10,'3347464',4),(10,'3347465',6),(10,'3347462',3),(10,'3311113',0),(10,'3311114',1),(10,'3311115',4),(10,'3341192',4),(10,'3341190',27),(10,'3341191',17),(10,'3341188',20),(10,'3341187',6),(10,'3341186',10),(10,'3341194',5),(10,'3341193',14),(10,'3341195',11),(10,'3341189',33),(11,'3347463',0),(11,'3347464',0),(11,'3347465',0),(11,'3347462',0),(11,'3311113',4),(11,'3311114',1),(11,'3311115',0),(11,'3341192',0),(11,'3341190',1),(11,'3341191',0),(11,'3341188',2),(11,'3341187',0),(11,'3341186',0),(11,'3341194',3),(11,'3341193',-1),(11,'3341195',0),(11,'3341189',2),(12,'3347463',0),(12,'3347464',0),(12,'3347465',0),(12,'3347462',0),(12,'3311113',4),(12,'3311114',1),(12,'3311115',3),(12,'3341192',0),(12,'3341190',12),(12,'3341191',33),(12,'3341188',-5),(12,'3341187',3),(12,'3341186',0),(12,'3341194',13),(12,'3341193',8),(12,'3341195',8),(12,'3341189',4),(13,'3347463',0),(13,'3347464',0),(13,'3347465',0),(13,'3347462',0),(13,'3311113',0),(13,'3311114',0),(13,'3311115',0),(13,'3341192',0),(13,'3341190',0),(13,'3341191',0),(13,'3341188',0),(13,'3341187',0),(13,'3341186',0),(13,'3341194',0),(13,'3341193',0),(13,'3341195',0),(13,'3341189',0),(14,'3347463',0),(14,'3347464',0),(14,'3347465',0),(14,'3347462',0),(14,'3311113',0),(14,'3311114',0),(14,'3311115',4),(14,'3341192',2),(14,'3341190',0),(14,'3341191',4),(14,'3341188',2),(14,'3341187',0),(14,'3341186',0),(14,'3341194',5),(14,'3341193',4),(14,'3341195',8),(14,'3341189',2),(15,'3347463',0),(15,'3347464',0),(15,'3347465',0),(15,'3347462',0),(15,'3311113',6),(15,'3311114',7),(15,'3311115',9),(15,'3341192',24),(15,'3341190',11),(15,'3341191',16),(15,'3341188',21),(15,'3341187',13),(15,'3341186',18),(15,'3341194',3),(15,'3341193',4),(15,'3341195',3),(15,'3341189',8),(16,'3347463',0),(16,'3347464',0),(16,'3347465',0),(16,'3347462',0),(16,'3311113',0),(16,'3311114',0),(16,'3311115',0),(16,'3341192',0),(16,'3341190',10),(16,'3341191',5),(16,'3341188',0),(16,'3341187',0),(16,'3341186',0),(16,'3341194',0),(16,'3341193',1),(16,'3341195',1),(16,'3341189',2),(17,'3347463',0),(17,'3347464',0),(17,'3347465',0),(17,'3347462',0),(17,'3311113',6),(17,'3311114',0),(17,'3311115',1),(17,'3341192',1),(17,'3341190',16),(17,'3341191',15),(17,'3341188',0),(17,'3341187',0),(17,'3341186',0),(17,'3341194',6),(17,'3341193',5),(17,'3341195',8),(17,'3341189',-3),(18,'3347463',0),(18,'3347464',0),(18,'3347465',0),(18,'3347462',0),(18,'3311113',2),(18,'3311114',2),(18,'3311115',5),(18,'3341192',7),(18,'3341190',6),(18,'3341191',1),(18,'3341188',20),(18,'3341187',7),(18,'3341186',9),(18,'3341194',19),(18,'3341193',22),(18,'3341195',12),(18,'3341189',13),(19,'3347463',8),(19,'3347464',11),(19,'3347465',8),(19,'3347462',6),(19,'3311113',2),(19,'3311114',1),(19,'3311115',8),(19,'3341192',0),(19,'3341190',10),(19,'3341191',38),(19,'3341188',15),(19,'3341187',14),(19,'3341186',9),(19,'3341194',11),(19,'3341193',4),(19,'3341195',11),(19,'3341189',1),(20,'3347463',0),(20,'3347464',2),(20,'3347465',2),(20,'3347462',2),(20,'3311113',0),(20,'3311114',0),(20,'3311115',3),(20,'3341192',5),(20,'3341190',-3),(20,'3341191',18),(20,'3341188',2),(20,'3341187',17),(20,'3341186',15),(20,'3341194',10),(20,'3341193',6),(20,'3341195',13),(20,'3341189',14),(21,'3347463',4),(21,'3347464',0),(21,'3347465',4),(21,'3347462',6),(21,'3311113',0),(21,'3311114',1),(21,'3311115',3),(21,'3341192',12),(21,'3341190',0),(21,'3341191',2),(21,'3341188',1),(21,'3341187',11),(21,'3341186',9),(21,'3341194',15),(21,'3341193',12),(21,'3341195',10),(21,'3341189',2),(22,'3347463',0),(22,'3347464',0),(22,'3347465',0),(22,'3347462',0),(22,'3311113',2),(22,'3311114',0),(22,'3311115',3),(22,'3341192',-1),(22,'3341190',9),(22,'3341191',2),(22,'3341188',-7),(22,'3341187',1),(22,'3341186',-1),(22,'3341194',15),(22,'3341193',-3),(22,'3341195',0),(22,'3341189',-6),(23,'3347463',1),(23,'3347464',1),(23,'3347465',1),(23,'3347462',0),(23,'3311113',0),(23,'3311114',0),(23,'3311115',0),(23,'3341192',5),(23,'3341190',-3),(23,'3341191',25),(23,'3341188',-1),(23,'3341187',21),(23,'3341186',10),(23,'3341194',9),(23,'3341193',10),(23,'3341195',17),(23,'3341189',7),(24,'3347463',0),(24,'3347464',0),(24,'3347465',0),(24,'3347462',0),(24,'3311113',4),(24,'3311114',10),(24,'3311115',7),(24,'3341192',4),(24,'3341190',-1),(24,'3341191',2),(24,'3341188',-2),(24,'3341187',6),(24,'3341186',4),(24,'3341194',6),(24,'3341193',4),(24,'3341195',13),(24,'3341189',10),(25,'3347463',0),(25,'3347464',0),(25,'3347465',0),(25,'3347462',0),(25,'3311113',0),(25,'3311114',0),(25,'3311115',0),(25,'3341192',1),(25,'3341190',8),(25,'3341191',17),(25,'3341188',12),(25,'3341187',-1),(25,'3341186',5),(25,'3341194',11),(25,'3341193',9),(25,'3341195',7),(25,'3341189',13),(1,'3311112',7),(2,'3311112',5),(25,'3311112',17),(3,'3311112',0),(4,'3311112',24),(5,'3311112',25),(6,'3311112',1),(7,'3311112',6),(8,'3311112',13),(11,'3311112',13),(10,'3311112',16),(12,'3311112',0),(14,'3311112',0),(9,'3311112',21),(15,'3311112',11),(16,'3311112',0),(17,'3311112',-1),(19,'3311112',7),(20,'3311112',21),(21,'3311112',19),(18,'3311112',42),(22,'3311112',0),(23,'3311112',13),(24,'3311112',0),(1,'3350047',0),(2,'3350047',0),(25,'3350047',6),(3,'3350047',4),(4,'3350047',6),(5,'3350047',20),(6,'3350047',1),(7,'3350047',6),(8,'3350047',0),(11,'3350047',10),(10,'3350047',12),(12,'3350047',0),(14,'3350047',0),(9,'3350047',5),(15,'3350047',3),(16,'3350047',0),(17,'3350047',0),(19,'3350047',1),(20,'3350047',8),(21,'3350047',8),(18,'3350047',6),(22,'3350047',0),(23,'3350047',1),(24,'3350047',0),(1,'3350048',0),(2,'3350048',0),(25,'3350048',8),(3,'3350048',3),(4,'3350048',5),(5,'3350048',19),(6,'3350048',2),(7,'3350048',7),(8,'3350048',0),(11,'3350048',9),(10,'3350048',14),(12,'3350048',0),(14,'3350048',0),(9,'3350048',6),(15,'3350048',7),(16,'3350048',0),(17,'3350048',0),(19,'3350048',2),(20,'3350048',7),(21,'3350048',7),(18,'3350048',-1),(22,'3350048',0),(23,'3350048',4),(24,'3350048',0),(1,'3350049',0),(2,'3350049',0),(25,'3350049',10),(3,'3350049',1),(4,'3350049',6),(5,'3350049',21),(6,'3350049',-1),(7,'3350049',2),(8,'3350049',0),(11,'3350049',12),(10,'3350049',14),(12,'3350049',0),(14,'3350049',0),(9,'3350049',5),(15,'3350049',7),(16,'3350049',0),(17,'3350049',0),(19,'3350049',1),(20,'3350049',2),(21,'3350049',3),(18,'3350049',6),(22,'3350049',0),(23,'3350049',2),(24,'3350049',0),(1,'3350050',0),(2,'3350050',0),(25,'3350050',9),(3,'3350050',5),(4,'3350050',5),(5,'3350050',12),(6,'3350050',4),(7,'3350050',7),(8,'3350050',0),(11,'3350050',12),(10,'3350050',14),(12,'3350050',0),(14,'3350050',0),(9,'3350050',6),(15,'3350050',8),(16,'3350050',0),(17,'3350050',0),(19,'3350050',5),(20,'3350050',7),(21,'3350050',9),(18,'3350050',6),(22,'3350050',0),(23,'3350050',7),(24,'3350050',0),(26,'3347463',0),(26,'3347464',0),(26,'3347465',0),(26,'3347462',0),(26,'3350047',8),(26,'3350049',8),(26,'3350048',9),(26,'3350050',5),(26,'3311113',0),(26,'3311114',0),(26,'3311115',0),(26,'3341192',20),(26,'3341190',16),(26,'3341191',16),(26,'3341188',15),(26,'3341187',8),(26,'3341186',8),(26,'3341194',8),(26,'3341193',8),(26,'3341195',8),(26,'3341189',16),(26,'3311112',8);
/*!40000 ALTER TABLE `STOCK` ENABLE KEYS */;
UNLOCK TABLES;

--
-- Table structure for table `STOCK_LOG`
--

DROP TABLE IF EXISTS `STOCK_LOG`;
/*!40101 SET @saved_cs_client     = @@character_set_client */;
/*!40101 SET character_set_client = utf8 */;
CREATE TABLE `STOCK_LOG` (
  `UPDATE_DATE` date DEFAULT NULL,
  `OUTLET_ID` int(11) DEFAULT NULL,
  `PRODUCT_NUMBER` varchar(11) DEFAULT NULL,
  `OLD_QUANTITY` int(11) DEFAULT NULL,
  `NEW_QUANTITY` int(11) DEFAULT NULL
) ENGINE=InnoDB DEFAULT CHARSET=latin1;
/*!40101 SET character_set_client = @saved_cs_client */;

--
-- Dumping data for table `STOCK_LOG`
--

LOCK TABLES `STOCK_LOG` WRITE;
/*!40000 ALTER TABLE `STOCK_LOG` DISABLE KEYS */;
INSERT INTO `STOCK_LOG` VALUES ('2015-08-16',1,'3341190',1,21),('2015-08-16',1,'3341191',1,21),('2015-08-16',1,'3341188',0,20),('2015-08-16',1,'3341193',9,29),('2015-08-16',1,'3341195',8,28),('2015-08-16',1,'3341189',5,25),('2015-08-05',5,'3341187',13,23),('2015-08-05',5,'3341188',31,61),('2015-08-05',5,'3347465',6,12),('2015-08-05',5,'3341190',23,43),('2015-08-05',5,'3341191',24,44),('2015-08-05',5,'3341194',26,36),('2015-08-05',5,'3341193',24,34),('2015-08-05',5,'3341195',10,20),('2015-08-05',5,'3341189',33,53),('2015-08-12',10,'3341190',25,45),('2015-08-12',10,'3341191',13,33),('2015-08-12',10,'3341188',7,57),('2015-08-12',10,'3341193',19,29),('2015-08-16',22,'3341190',0,20),('2015-08-16',22,'3341191',0,20),('2015-08-16',22,'3341188',0,20),('2015-08-16',22,'3341194',1,21),('2015-08-16',22,'3341193',10,30),('2015-08-16',22,'3341189',4,24),('2015-08-23',2,'3341190',6,26),('2015-08-23',2,'3341191',8,28),('2015-08-23',2,'3341188',6,56),('2015-08-23',2,'3341193',12,32),('2015-08-23',2,'3341189',3,33),('2015-08-29',25,'3341190',4,24),('2015-08-29',25,'3341191',0,20),('2015-08-29',25,'3341188',0,20),('2015-08-29',25,'3341187',4,14),('2015-08-29',25,'3341194',3,13),('2015-08-29',25,'3341193',1,11),('2015-08-29',25,'3341189',0,20),('2015-08-29',4,'3341188',21,41),('2015-08-29',4,'3341187',9,21),('2015-08-29',4,'3341186',8,20),('2015-08-29',4,'3341194',10,22),('2015-08-29',4,'3341193',10,22),('2015-08-29',4,'3341195',10,22),('2015-08-31',25,'3341192',7,2),('2015-08-31',25,'3341191',20,19),('2015-08-31',25,'3341187',14,12),('2015-08-31',3,'3341192',5,1),('2015-08-31',3,'3341190',14,8),('2015-08-31',3,'3341191',7,-2),('2015-08-31',3,'3341187',13,6),('2015-08-31',3,'3341186',4,-5),('2015-08-31',3,'3341194',3,2),('2015-08-31',3,'3341189',11,5),('2015-08-31',4,'3341192',7,4),('2015-08-31',4,'3341190',17,13),('2015-08-31',4,'3341188',41,27),('2015-08-31',4,'3341187',21,20),('2015-08-31',4,'3341186',20,16),('2015-08-31',4,'3341194',22,19),('2015-08-31',4,'3341193',22,20),('2015-08-31',4,'3341189',23,21),('2015-08-31',5,'3347463',7,5),('2015-08-31',5,'3347464',7,4),('2015-08-31',5,'3347465',18,7),('2015-08-31',5,'3347462',7,4),('2015-08-31',5,'3341192',8,6),('2015-08-31',5,'3341190',43,36),('2015-08-31',5,'3341191',44,35),('2015-08-31',5,'3341188',61,39),('2015-08-31',5,'3341187',23,16),('2015-08-31',5,'3341194',36,27),('2015-08-31',5,'3341193',34,25),('2015-08-31',5,'3341195',20,14),('2015-08-31',5,'3341189',73,56),('2015-08-31',6,'3341188',29,-4),('2015-08-31',6,'3341187',10,4),('2015-08-31',6,'3341186',10,0),('2015-08-31',6,'3341194',23,14),('2015-08-31',6,'3341193',19,12),('2015-08-31',6,'3341195',10,8),('2015-08-31',6,'3341189',35,23),('2015-08-31',7,'3347464',2,1),('2015-08-31',7,'3341191',8,6),('2015-08-31',7,'3341188',14,1),('2015-08-31',7,'3341187',6,5),('2015-08-31',7,'3341194',9,5),('2015-08-31',7,'3341193',9,6),('2015-08-31',7,'3341189',13,9),('2015-08-31',8,'3347464',6,4),('2015-08-31',8,'3341188',3,-3),('2015-08-31',8,'3341194',18,11),('2015-08-31',8,'3341193',12,10),('2015-08-31',8,'3341195',8,7),('2015-08-31',8,'3341189',16,8),('2015-08-31',9,'3341192',8,6),('2015-08-31',9,'3341188',10,8),('2015-08-31',9,'3341187',8,4),('2015-08-31',9,'3341194',17,16),('2015-08-31',10,'3347464',9,6),('2015-08-31',10,'3341192',1,0),('2015-08-31',10,'3341190',45,39),('2015-08-31',10,'3341188',57,48),('2015-08-31',10,'3341187',1,0),('2015-08-31',10,'3341194',10,7),('2015-08-31',10,'3341193',29,21),('2015-08-31',10,'3341189',23,22),('2015-08-31',11,'3341189',5,2),('2015-08-31',12,'3341190',18,15),('2015-08-31',12,'3341188',4,0),('2015-08-31',12,'3341194',19,17),('2015-08-31',12,'3341193',15,13),('2015-08-31',12,'3341195',9,8),('2015-08-31',12,'3341189',23,18),('2015-08-31',14,'3341190',1,-3),('2015-08-31',14,'3341188',3,2),('2015-08-31',14,'3341193',5,4),('2015-08-31',14,'3341195',9,8),('2015-08-31',15,'3341192',11,4),('2015-08-31',15,'3341190',22,-2),('2015-08-31',15,'3341191',25,12),('2015-08-31',15,'3341188',12,-6),('2015-08-31',15,'3341187',8,3),('2015-08-31',15,'3341186',11,8),('2015-08-31',15,'3341194',8,4),('2015-08-31',15,'3341193',7,1),('2015-08-31',15,'3341195',8,3),('2015-08-31',15,'3341189',11,-2),('2015-08-31',16,'3341194',1,0),('2015-08-31',16,'3341193',2,1),('2015-08-31',16,'3341195',3,1),('2015-08-31',16,'3341189',10,8),('2015-08-31',17,'3341190',20,16),('2015-08-31',17,'3341191',20,15),('2015-08-31',17,'3341188',4,-1),('2015-08-31',17,'3341194',9,7),('2015-08-31',17,'3341193',7,6),('2015-08-31',17,'3341189',12,-1),('2015-08-31',18,'3341192',8,6),('2015-08-31',18,'3341190',22,20),('2015-08-31',18,'3341191',22,8),('2015-08-31',18,'3341188',3,2),('2015-08-31',18,'3341187',5,4),('2015-08-31',19,'3341192',19,4),('2015-08-31',19,'3341190',43,32),('2015-08-31',19,'3341191',71,60),('2015-08-31',19,'3341188',39,5),('2015-08-31',19,'3341186',24,20),('2015-08-31',19,'3341194',18,13),('2015-08-31',19,'3341193',19,15),('2015-08-31',19,'3341195',15,14),('2015-08-31',19,'3341189',24,10),('2015-09-02',21,'3347463',2,8),('2015-09-02',21,'3347464',2,8),('2015-09-02',21,'3347465',0,6),('2015-09-02',21,'3347462',2,8),('2015-09-02',21,'3341192',0,10),('2015-09-02',21,'3341190',5,15),('2015-09-02',21,'3341191',1,11),('2015-09-02',21,'3341188',2,22),('2015-09-02',21,'3341187',0,10),('2015-09-02',21,'3341186',0,10),('2015-09-02',21,'3341194',10,20),('2015-09-02',21,'3341193',11,21),('2015-09-02',21,'3341195',0,10),('2015-09-02',21,'3341189',5,25),('2015-09-02',23,'3347463',0,6),('2015-09-02',23,'3347464',1,7),('2015-09-02',23,'3347465',1,7),('2015-09-02',23,'3347462',1,7),('2015-09-02',23,'3341190',8,28),('2015-09-02',23,'3341191',12,32),('2015-09-02',23,'3341188',16,36),('2015-09-02',23,'3341187',21,31),('2015-09-02',23,'3341186',6,16),('2015-09-02',23,'3341194',5,15),('2015-09-02',23,'3341193',8,18),('2015-09-02',23,'3341195',14,24),('2015-09-02',23,'3341189',5,25),('2015-09-06',6,'3347463',0,6),('2015-09-06',6,'3347464',0,6),('2015-09-06',6,'3347465',0,6),('2015-09-06',6,'3347462',0,6),('2015-09-06',6,'3341192',0,5),('2015-09-06',6,'3341188',8,28),('2015-09-06',6,'3341187',4,9),('2015-09-06',6,'3341186',0,5),('2015-09-06',6,'3341189',23,33),('2015-09-06',15,'3341190',0,30),('2015-09-06',15,'3341191',12,32),('2015-09-06',15,'3341188',0,30),('2015-09-06',15,'3341187',3,13),('2015-09-06',15,'3341186',8,18),('2015-09-06',15,'3341194',4,14),('2015-09-06',15,'3341193',1,11),('2015-09-06',15,'3341195',3,13),('2015-09-06',15,'3341189',-2,18),('2015-09-07',20,'3347464',0,12),('2015-09-07',20,'3347465',1,13),('2015-09-07',20,'3347462',1,13),('2015-09-07',20,'3341192',0,15),('2015-09-07',20,'3341190',2,26),('2015-09-07',20,'3341188',5,35),('2015-09-07',20,'3341187',0,24),('2015-09-07',20,'3341186',3,27),('2015-09-07',20,'3341194',5,15),('2015-09-07',20,'3341193',7,17),('2015-09-07',20,'3341195',6,16),('2015-09-09',19,'3347463',0,12),('2015-09-09',19,'3347464',0,12),('2015-09-09',19,'3347465',0,12),('2015-09-09',19,'3347462',0,12),('2015-09-09',19,'3341192',4,16),('2015-09-09',19,'3341188',5,35),('2015-09-09',19,'3341194',13,19),('2015-09-09',5,'3347463',6,12),('2015-09-09',5,'3347464',4,10),('2015-09-09',5,'3347465',1,7),('2015-09-09',5,'3347462',4,10),('2015-09-09',5,'3341190',16,36),('2015-09-09',5,'3341191',15,35),('2015-09-09',5,'3341188',9,29),('2015-09-09',5,'3341187',6,16),('2015-09-09',5,'3341189',36,56),('2015-09-10',11,'3311114',2,1),('2015-09-10',11,'3311115',3,0),('2015-09-10',11,'3341194',16,5),('2015-09-10',11,'3341193',18,2),('2015-09-10',11,'3341195',10,0),('2015-09-10',6,'3341194',14,12),('2015-09-10',6,'3341193',12,7),('2015-09-10',3,'3341192',1,7),('2015-09-10',3,'3341190',8,28),('2015-09-10',3,'3341191',0,20),('2015-09-10',3,'3341187',6,18),('2015-09-10',3,'3341186',0,12),('2015-09-10',5,'3347463',12,18),('2015-09-10',5,'3347464',10,16),('2015-09-10',5,'3347465',7,13),('2015-09-10',5,'3347462',10,16),('2015-09-10',5,'3341190',36,56),('2015-09-10',5,'3341191',35,55),('2015-09-10',5,'3341188',29,49),('2015-09-10',5,'3341187',16,26),('2015-09-10',5,'3341189',56,76),('2015-09-12',11,'3341190',0,10),('2015-09-12',11,'3341191',0,10),('2015-09-12',11,'3341188',0,20),('2015-09-12',11,'3341189',2,12),('2015-09-19',5,'3347463',18,24),('2015-09-19',5,'3347464',16,21),('2015-09-19',5,'3347465',13,20),('2015-09-19',5,'3347462',16,22),('2015-09-19',5,'3341194',17,23),('2015-09-19',5,'3341193',15,21),('2015-09-19',5,'3341195',19,25),('2015-09-19',24,'3341192',4,10),('2015-09-19',24,'3341188',1,13),('2015-09-19',24,'3341187',2,8),('2015-09-19',24,'3341186',0,6),('2015-09-21',3,'3341190',28,78),('2015-09-21',3,'3341191',20,70),('2015-09-30',5,'3347463',24,8),('2015-09-30',5,'3347464',21,7),('2015-09-30',5,'3347465',20,9),('2015-09-30',5,'3347462',22,7),('2015-09-30',5,'3341192',6,4),('2015-09-30',5,'3341190',56,47),('2015-09-30',5,'3341191',55,42),('2015-09-30',5,'3341188',49,29),('2015-09-30',5,'3341187',26,20),('2015-09-30',5,'3341194',23,20),('2015-09-30',5,'3341193',21,19),('2015-09-30',5,'3341195',25,14),('2015-09-30',5,'3341189',76,43),('2015-09-30',15,'3341192',5,0),('2015-09-30',15,'3341190',30,25),('2015-09-30',15,'3341191',32,17),('2015-09-30',15,'3341188',30,2),('2015-09-30',15,'3341187',13,7),('2015-09-30',15,'3341186',18,6),('2015-09-30',15,'3341194',14,9),('2015-09-30',15,'3341193',11,2),('2015-09-30',15,'3341195',13,4),('2015-09-30',15,'3341189',18,2),('2015-09-30',23,'3347463',10,2),('2015-09-30',23,'3347464',11,3),('2015-09-30',23,'3347465',12,2),('2015-09-30',23,'3347462',13,1),('2015-09-30',23,'3341192',9,7),('2015-09-30',23,'3341190',41,15),('2015-09-30',23,'3341191',51,13),('2015-09-30',23,'3341188',72,0),('2015-09-30',23,'3341187',45,17),('2015-09-30',23,'3341186',22,10),('2015-09-30',23,'3341194',21,9),('2015-09-30',23,'3341193',28,8),('2015-09-30',23,'3341195',26,22),('2015-09-30',23,'3341189',54,-4),('2015-09-30',19,'3347463',12,11),('2015-09-30',19,'3347465',12,9),('2015-09-30',19,'3347462',12,9),('2015-09-30',19,'3341192',16,6),('2015-09-30',19,'3341190',32,25),('2015-09-30',19,'3341191',60,46),('2015-09-30',19,'3341188',35,13),('2015-09-30',19,'3341187',31,22),('2015-09-30',19,'3341186',20,15),('2015-09-30',19,'3341194',19,14),('2015-09-30',19,'3341193',15,12),('2015-09-30',19,'3341195',14,12),('2015-09-30',19,'3341189',10,4),('2015-09-30',20,'3347464',12,7),('2015-09-30',20,'3347465',13,6),('2015-09-30',20,'3347462',13,8),('2015-09-30',20,'3341192',15,12),('2015-09-30',20,'3341190',26,24),('2015-09-30',20,'3341191',10,3),('2015-09-30',20,'3341188',35,22),('2015-09-30',20,'3341187',24,20),('2015-09-30',20,'3341186',27,22),('2015-09-30',20,'3341194',15,13),('2015-09-30',20,'3341193',17,10),('2015-09-30',20,'3341195',16,15),('2015-09-30',20,'3341189',34,21),('2015-09-30',4,'3341192',4,0),('2015-09-30',4,'3341190',13,2),('2015-09-30',4,'3341191',20,16),('2015-09-30',4,'3341188',27,5),('2015-09-30',4,'3341187',20,18),('2015-09-30',4,'3341186',16,10),('2015-09-30',4,'3341194',19,13),('2015-09-30',4,'3341193',20,8),('2015-09-30',4,'3341195',22,21),('2015-09-30',4,'3341189',21,6),('2015-09-30',21,'3347463',8,4),('2015-09-30',21,'3347464',8,3),('2015-09-30',21,'3347465',6,5),('2015-09-30',21,'3341192',10,8),('2015-09-30',21,'3341190',15,5),('2015-09-30',21,'3341191',11,6),('2015-09-30',21,'3341188',22,3),('2015-09-30',21,'3341187',10,8),('2015-09-30',21,'3341186',10,7),('2015-09-30',21,'3341194',20,18),('2015-09-30',21,'3341193',21,16),('2015-09-30',21,'3341189',25,10),('2015-09-30',2,'3347463',2,1),('2015-09-30',2,'3341190',26,23),('2015-09-30',2,'3341188',47,18),('2015-09-30',2,'3341187',0,-1),('2015-09-30',2,'3341194',13,8),('2015-09-30',2,'3341193',26,19),('2015-09-30',2,'3341189',26,15),('2015-09-30',3,'3341192',7,4),('2015-09-30',3,'3341190',78,46),('2015-09-30',3,'3341191',70,40),('2015-09-30',3,'3341187',18,7),('2015-09-30',3,'3341186',12,6),('2015-09-30',3,'3341194',2,0),('2015-09-30',3,'3341195',5,4),('2015-09-30',3,'3341189',5,4),('2015-09-30',10,'3347463',1,0),('2015-09-30',10,'3347464',6,4),('2015-09-30',10,'3341191',33,26),('2015-09-30',10,'3341188',48,31),('2015-09-30',10,'3341194',7,6),('2015-09-30',10,'3341193',21,6),('2015-09-30',10,'3341195',12,11),('2015-09-30',10,'3341189',22,20),('2015-09-30',22,'3341192',0,-1),('2015-09-30',22,'3341190',16,9),('2015-09-30',22,'3341191',16,2),('2015-09-30',22,'3341188',0,-6),('2015-09-30',22,'3341187',4,1),('2015-09-30',22,'3341186',0,-1),('2015-09-30',22,'3341194',21,16),('2015-09-30',22,'3341193',4,-2),('2015-09-30',22,'3341189',2,-5),('2015-09-30',25,'3341192',2,1),('2015-09-30',25,'3341190',24,20),('2015-09-30',25,'3341191',19,18),('2015-09-30',25,'3341188',20,7),('2015-09-30',25,'3341186',10,3),('2015-09-30',25,'3341194',13,5),('2015-09-30',25,'3341193',11,4),('2015-09-30',25,'3341189',20,10),('2015-09-30',5,'3341192',4,2),('2015-09-30',5,'3341188',29,11),('2015-09-30',5,'3341187',20,17),('2015-09-30',5,'3341186',0,-1),('2015-09-30',5,'3341194',20,13),('2015-09-30',5,'3341193',19,15),('2015-09-30',5,'3341189',43,35),('2015-09-30',1,'3341192',10,7),('2015-09-30',1,'3341187',4,2),('2015-09-30',1,'3341186',0,-1),('2015-09-30',1,'3341193',7,5),('2015-09-30',1,'3341195',7,5),('2015-09-30',1,'3341189',5,3),('2015-09-30',8,'3347464',4,3),('2015-09-30',8,'3341191',7,1),('2015-09-30',8,'3341194',11,10),('2015-09-30',8,'3341193',10,4),('2015-09-30',8,'3341195',7,6),('2015-09-30',8,'3341189',8,-1),('2015-09-30',24,'3341192',10,7),('2015-09-30',24,'3341190',15,9),('2015-09-30',24,'3341188',13,2),('2015-09-30',24,'3341194',14,12),('2015-09-30',24,'3341193',10,7),('2015-09-30',24,'3341195',14,13),('2015-09-30',24,'3341189',27,23),('2015-09-30',11,'3341190',10,9),('2015-09-30',11,'3341188',20,5),('2015-09-30',11,'3341194',5,4),('2015-09-30',11,'3341193',2,-1),('2015-09-30',11,'3341189',12,6),('2015-09-30',12,'3341190',15,13),('2015-09-30',12,'3341188',0,-3),('2015-09-30',12,'3341194',17,15),('2015-09-30',12,'3341193',13,12),('2015-09-30',12,'3341189',18,11),('2015-09-30',18,'3341192',6,2),('2015-09-30',18,'3341190',20,16),('2015-09-30',18,'3341188',2,0),('2015-09-30',18,'3341189',7,3),('2015-09-30',7,'3347463',1,0),('2015-09-30',7,'3347464',1,0),('2015-09-30',7,'3341187',5,4),('2015-09-30',7,'3341194',5,4),('2015-09-30',9,'3341188',8,6),('2015-09-30',9,'3341187',4,2),('2015-09-30',9,'3341194',16,15),('2015-09-30',9,'3341189',3,1),('2015-09-30',16,'3341191',10,5),('2015-09-30',16,'3341189',8,2),('2015-09-30',17,'3341195',10,8),('2015-09-30',14,'3341189',4,3),('2015-10-03',10,'3341190',39,51),('2015-10-03',10,'3341191',26,38),('2015-10-03',10,'3341188',31,61),('2015-10-03',10,'3341193',6,30),('2015-10-03',10,'3341189',20,44),('2015-10-10',3,'3341192',4,10),('2015-10-10',3,'3341190',46,70),('2015-10-10',3,'3341191',40,64),('2015-10-10',3,'3341187',7,31),('2015-10-10',3,'3341186',6,30),('2015-10-10',3,'3341194',0,6),('2015-10-10',3,'3341193',1,7),('2015-10-11',4,'3341190',2,26),('2015-10-11',4,'3341188',5,17),('2015-10-11',4,'3341194',13,25),('2015-10-11',4,'3341189',6,18),('2015-10-11',5,'3347463',8,14),('2015-10-11',5,'3347464',7,13),('2015-10-11',5,'3347462',7,13),('2015-10-11',5,'3341188',11,41),('2015-10-11',5,'3341194',13,25),('2015-10-11',5,'3341193',15,27),('2015-10-11',5,'3341195',14,20),('2015-10-11',5,'3341189',35,65),('2015-10-15',15,'3311113',0,6),('2015-10-15',15,'3311114',1,7),('2015-10-15',15,'3311115',1,7),('2015-10-15',15,'3341192',0,6),('2015-10-15',15,'3341188',2,22),('2015-10-15',15,'3341187',7,13),('2015-10-15',15,'3341186',6,12),('2015-10-15',15,'3341193',2,8),('2015-10-15',15,'3341189',2,8),('2015-10-18',15,'3311113',6,12),('2015-10-18',15,'3311114',7,13),('2015-10-18',15,'3311115',7,13),('2015-10-18',15,'3341192',6,12),('2015-10-18',15,'3341188',22,42),('2015-10-18',15,'3341187',13,19),('2015-10-18',15,'3341186',12,18),('2015-10-18',15,'3341193',8,14),('2015-10-18',15,'3341189',8,14),('2015-10-19',23,'3341190',15,25),('2015-10-19',23,'3341191',13,23),('2015-10-19',23,'3341188',0,20),('2015-10-19',23,'3341194',9,19),('2015-10-19',23,'3341193',8,18),('2015-10-19',23,'3341189',-4,16),('2015-10-21',8,'3311113',0,6),('2015-10-21',8,'3311114',3,9),('2015-10-21',8,'3341190',13,37),('2015-10-21',8,'3341191',1,25),('2015-10-21',8,'3341188',0,24),('2015-10-21',8,'3341189',0,24),('2015-10-21',8,'3311112',0,24),('2015-10-25',1,'3311113',0,6),('2015-10-25',1,'3311114',0,6),('2015-10-25',1,'3311115',0,6),('2015-10-25',1,'3341190',1,21),('2015-10-25',1,'3341191',0,20),('2015-10-25',1,'3341188',0,20),('2015-10-25',1,'3341187',2,12),('2015-10-25',1,'3341186',0,10),('2015-10-25',1,'3341194',4,10),('2015-10-25',1,'3341193',5,11),('2015-10-25',1,'3341195',5,11),('2015-10-25',1,'3341189',3,23),('2015-10-25',1,'3311112',0,20),('2015-10-29',2,'3311113',8,20),('2015-10-29',2,'3311114',6,18),('2015-10-29',2,'3311115',4,10),('2015-10-29',2,'3341191',21,45),('2015-10-29',2,'3341188',18,42),('2015-10-29',2,'3341194',8,14),('2015-10-29',2,'3341193',19,25),('2015-10-29',2,'3311112',0,12),('2015-10-31',15,'3311113',12,8),('2015-10-31',15,'3311114',13,9),('2015-10-31',15,'3311115',13,9),('2015-10-31',15,'3341192',12,9),('2015-10-31',15,'3341190',25,6),('2015-10-31',15,'3341191',17,5),('2015-10-31',15,'3341188',42,25),('2015-10-31',15,'3341187',19,7),('2015-10-31',15,'3341186',18,14),('2015-10-31',15,'3341194',9,7),('2015-10-31',15,'3341193',14,8),('2015-10-31',15,'3341195',4,3),('2015-10-31',15,'3341189',14,10),('2015-10-31',20,'3347464',7,3),('2015-10-31',20,'3347465',6,3),('2015-10-31',20,'3347462',8,4),('2015-10-31',20,'3311113',3,1),('2015-10-31',20,'3311114',3,2),('2015-10-31',20,'3311115',4,3),('2015-10-31',20,'3341192',12,8),('2015-10-31',20,'3341190',24,5),('2015-10-31',20,'3341191',3,0),('2015-10-31',20,'3341188',22,11),('2015-10-31',20,'3341187',20,18),('2015-10-31',20,'3341186',22,13),('2015-10-31',20,'3341194',13,12),('2015-10-31',20,'3341193',10,7),('2015-10-31',20,'3341195',15,14),('2015-10-31',20,'3341189',21,14),('2015-10-31',3,'3347464',0,-4),('2015-10-31',3,'3347465',0,-3),('2015-10-31',3,'3347462',0,-4),('2015-10-31',3,'3341192',10,5),('2015-10-31',3,'3341190',70,42),('2015-10-31',3,'3341191',64,21),('2015-10-31',3,'3341187',31,22),('2015-10-31',3,'3341186',30,14),('2015-10-31',3,'3341194',6,4),('2015-10-31',3,'3341193',7,4),('2015-10-31',5,'3347463',14,11),('2015-10-31',5,'3347464',13,9),('2015-10-31',5,'3347465',9,7),('2015-10-31',5,'3347462',13,9),('2015-10-31',5,'3341192',2,1),('2015-10-31',5,'3341190',47,36),('2015-10-31',5,'3341191',42,37),('2015-10-31',5,'3341188',41,31),('2015-10-31',5,'3341187',17,12),('2015-10-31',5,'3341194',25,18),('2015-10-31',5,'3341193',27,23),('2015-10-31',5,'3341195',20,17),('2015-10-31',5,'3341189',65,62),('2015-10-31',23,'3347463',2,1),('2015-10-31',23,'3347464',3,1),('2015-10-31',23,'3347465',2,1),('2015-10-31',23,'3347462',1,0),('2015-10-31',23,'3341192',7,5),('2015-10-31',23,'3341190',25,9),('2015-10-31',23,'3341191',23,16),('2015-10-31',23,'3341188',20,11),('2015-10-31',23,'3341187',17,15),('2015-10-31',23,'3341186',10,5),('2015-10-31',23,'3341194',19,10),('2015-10-31',23,'3341193',18,13),('2015-10-31',23,'3341195',22,17),('2015-10-31',23,'3341189',16,11),('2015-10-31',19,'3347463',11,9),('2015-10-31',19,'3347464',12,11),('2015-10-31',19,'3347462',9,6),('2015-10-31',19,'3341192',6,2),('2015-10-31',19,'3341190',25,19),('2015-10-31',19,'3341191',46,42),('2015-10-31',19,'3341188',13,3),('2015-10-31',19,'3341187',22,16),('2015-10-31',19,'3341186',15,12),('2015-10-31',19,'3341193',12,8),('2015-10-31',19,'3341195',12,11),('2015-10-31',19,'3341189',4,2),('2015-10-31',2,'3311113',8,5),('2015-10-31',2,'3311114',6,4),('2015-10-31',2,'3341190',23,21),('2015-10-31',2,'3341191',45,38),('2015-10-31',2,'3341188',42,28),('2015-10-31',2,'3341194',14,13),('2015-10-31',2,'3341193',25,19),('2015-10-31',2,'3341189',15,10),('2015-10-31',2,'3311112',12,11),('2015-10-31',21,'3347464',3,2),('2015-10-31',21,'3347465',5,4),('2015-10-31',21,'3347462',8,7),('2015-10-31',21,'3341192',8,3),('2015-10-31',21,'3341190',5,0),('2015-10-31',21,'3341191',6,2),('2015-10-31',21,'3341188',3,1),('2015-10-31',21,'3341187',8,4),('2015-10-31',21,'3341186',7,0),('2015-10-31',21,'3341194',18,16),('2015-10-31',21,'3341193',16,13),('2015-10-31',21,'3341189',10,4),('2015-10-31',6,'3341188',28,24),('2015-10-31',6,'3341194',12,6),('2015-10-31',6,'3341193',7,2),('2015-10-31',6,'3341195',8,4),('2015-10-31',6,'3341189',33,12),('2015-10-31',25,'3341190',30,17),('2015-10-31',25,'3341188',27,20),('2015-10-31',25,'3341187',12,7),('2015-10-31',25,'3341186',13,8),('2015-10-31',25,'3341194',15,11),('2015-10-31',25,'3341193',14,11),('2015-10-31',25,'3341195',8,7),('2015-10-31',25,'3341189',30,17),('2015-10-31',24,'3341192',7,5),('2015-10-31',24,'3341190',9,1),('2015-10-31',24,'3341191',11,3),('2015-10-31',24,'3341188',2,-1),('2015-10-31',24,'3341187',8,6),('2015-10-31',24,'3341186',6,4),('2015-10-31',24,'3341194',12,8),('2015-10-31',24,'3341193',7,4),('2015-10-31',24,'3341189',23,13),('2015-10-31',10,'3341190',51,44),('2015-10-31',10,'3341191',38,30),('2015-10-31',10,'3341188',61,37),('2015-10-31',10,'3341194',6,5),('2015-10-31',10,'3341193',30,21),('2015-10-31',10,'3341189',44,39),('2015-10-31',8,'3347463',12,11),('2015-10-31',8,'3347462',6,5),('2015-10-31',8,'3311113',6,4),('2015-10-31',8,'3311114',9,8),('2015-10-31',8,'3341190',37,27),('2015-10-31',8,'3341188',24,17),('2015-10-31',8,'3341193',4,-2),('2015-10-31',8,'3341189',24,21),('2015-10-31',4,'3341192',0,-1),('2015-10-31',4,'3341190',26,24),('2015-10-31',4,'3341191',16,12),('2015-10-31',4,'3341188',17,4),('2015-10-31',4,'3341187',18,13),('2015-10-31',4,'3341194',25,23),('2015-10-31',4,'3341193',8,5),('2015-10-31',4,'3341189',18,15),('2015-10-31',12,'3341192',1,0),('2015-10-31',12,'3341190',13,12),('2015-10-31',12,'3341191',38,35),('2015-10-31',12,'3341188',-3,-4),('2015-10-31',12,'3341187',5,4),('2015-10-31',12,'3341194',15,14),('2015-10-31',12,'3341193',12,8),('2015-10-31',12,'3341189',11,7),('2015-10-31',11,'3341191',10,0),('2015-10-31',11,'3341188',5,2),('2015-10-31',11,'3341189',6,4),('2015-10-31',7,'3341192',6,4),('2015-10-31',7,'3341188',25,17),('2015-10-31',7,'3341194',16,14),('2015-10-31',7,'3341195',12,9),('2015-10-31',7,'3341189',21,20),('2015-10-31',1,'3311115',6,4),('2015-10-31',1,'3341186',10,8),('2015-10-31',1,'3341193',11,9),('2015-10-31',14,'3341192',10,5),('2015-10-31',9,'3341192',6,3),('2015-10-31',9,'3341186',2,-1),('2015-10-31',9,'3341194',15,14),('2015-10-31',9,'3341193',8,7),('2015-10-31',17,'3341194',7,6),('2015-10-31',17,'3341193',6,5),('2015-10-31',17,'3341189',0,-3),('2015-10-31',22,'3341188',-6,-7),('2015-10-31',22,'3341194',16,15),('2015-10-31',22,'3341193',-2,-3),('2015-10-31',22,'3341189',-5,-6),('2015-10-31',18,'3341190',16,12),('2015-10-31',18,'3341187',4,3),('2015-11-01',18,'3341192',2,8),('2015-11-01',18,'3341188',0,20),('2015-11-01',18,'3341187',3,15),('2015-11-01',18,'3341186',1,13),('2015-11-01',18,'3341194',1,13),('2015-11-01',18,'3341193',4,16),('2015-11-01',18,'3341195',0,12),('2015-11-01',18,'3341189',3,15),('2015-11-01',18,'3311112',0,24),('2015-11-01',5,'3350047',0,12),('2015-11-01',5,'3350049',0,12),('2015-11-01',5,'3350048',0,12),('2015-11-01',5,'3350050',0,12),('2015-11-01',5,'3341189',62,74),('2015-11-01',5,'3311112',0,12),('2015-11-02',10,'3350047',0,6),('2015-11-02',10,'3350049',0,6),('2015-11-02',10,'3350048',0,6),('2015-11-02',10,'3350050',0,6),('2015-11-02',10,'3311115',0,6),('2015-11-02',10,'3341192',0,6),('2015-11-02',10,'3341187',0,6),('2015-11-02',10,'3341186',5,11),('2015-11-02',10,'3311112',0,12),('2015-11-04',11,'3350047',0,12),('2015-11-04',11,'3350049',0,12),('2015-11-04',11,'3350048',0,12),('2015-11-04',11,'3350050',0,12),('2015-11-04',11,'3311112',0,12),('2015-11-08',3,'3350047',0,6),('2015-11-08',3,'3350049',0,6),('2015-11-08',3,'3350048',0,6),('2015-11-08',3,'3350050',0,6),('2015-11-08',3,'3341191',21,45),('2015-11-08',3,'3341186',14,26),('2015-11-08',3,'3311112',0,24),('2015-11-11',19,'3350047',0,12),('2015-11-11',19,'3350049',0,12),('2015-11-11',19,'3350048',0,12),('2015-11-11',19,'3350050',0,12),('2015-11-11',19,'3311115',0,12),('2015-11-11',19,'3341188',3,15),('2015-11-11',19,'3311112',0,12),('2015-11-12',25,'3350047',0,12),('2015-11-12',25,'3350049',0,12),('2015-11-12',25,'3350048',0,12),('2015-11-12',25,'3350050',0,12),('2015-11-12',25,'3311112',0,24),('2015-11-12',23,'3350047',0,12),('2015-11-12',23,'3350049',0,12),('2015-11-12',23,'3350048',0,12),('2015-11-12',23,'3350050',0,12),('2015-11-12',23,'3311112',0,24),('2015-11-19',23,'3350047',12,24),('2015-11-19',23,'3350049',12,24),('2015-11-19',23,'3350048',12,24),('2015-11-19',23,'3350050',12,24),('2015-11-19',23,'3341191',16,40),('2015-11-19',23,'3341187',15,21),('2015-11-19',23,'3341186',5,11),('2015-11-19',23,'3311112',24,48),('2015-11-29',1,'3347464',0,-3),('2015-11-29',1,'3347465',0,-4),('2015-11-29',1,'3341188',20,5),('2015-11-29',1,'3341194',10,9),('2015-11-29',1,'3341193',9,4),('2015-11-29',1,'3341195',11,9),('2015-11-29',1,'3341189',23,8),('2015-11-19',20,'3350047',12,24),('2015-11-19',20,'3350049',12,24),('2015-11-19',20,'3350048',12,24),('2015-11-19',20,'3350050',12,24),('2015-11-19',20,'3341191',24,48),('2015-11-19',20,'3341187',24,30),('2015-11-19',20,'3341186',19,25),('2015-11-19',20,'3311112',24,48),('2015-11-19',20,'3350047',0,12),('2015-11-19',20,'3350049',0,12),('2015-11-19',20,'3350048',0,12),('2015-11-19',20,'3350050',0,12),('2015-11-19',20,'3341191',0,24),('2015-11-19',20,'3341187',13,19),('2015-11-19',20,'3341186',18,24),('2015-11-19',20,'3311112',0,24),('2015-11-30',3,'3341188',5,17),('2015-11-30',3,'3341187',22,46),('2015-11-30',3,'3341186',26,50),('2015-11-30',3,'3311112',24,36),('2015-11-30',3,'3350047',6,1),('2015-11-30',3,'3350049',6,1),('2015-11-30',3,'3350048',6,0),('2015-11-30',3,'3350050',6,3),('2015-11-30',3,'3341192',5,3),('2015-11-30',3,'3341190',42,8),('2015-11-30',3,'3341191',45,13),('2015-11-30',3,'3341188',17,10),('2015-11-30',3,'3341187',46,31),('2015-11-30',3,'3341186',50,20),('2015-11-30',3,'3341194',4,2),('2015-11-30',3,'3341193',4,2),('2015-11-30',3,'3311112',36,10),('2015-11-30',5,'3347463',11,14),('2015-11-30',5,'3347464',9,10),('2015-11-30',5,'3347462',9,11),('2015-11-30',5,'3350047',12,21),('2015-11-30',5,'3350049',12,21),('2015-11-30',5,'3350048',12,20),('2015-11-30',5,'3350050',12,16),('2015-11-30',5,'3341190',36,40),('2015-11-30',5,'3341191',37,49),('2015-11-30',5,'3341194',18,19),('2015-11-30',5,'3341193',23,25),('2015-11-30',5,'3341195',17,18),('2015-11-30',5,'3341189',74,80),('2015-11-30',5,'3311112',12,24),('2015-11-30',19,'3347463',9,10),('2015-11-30',19,'3347465',9,10),('2015-11-30',19,'3350047',12,17),('2015-11-30',19,'3350049',12,15),('2015-11-30',19,'3350048',12,19),('2015-11-30',19,'3350050',12,18),('2015-11-30',19,'3311115',12,15),('2015-11-30',19,'3341192',2,3),('2015-11-30',19,'3341190',19,22),('2015-11-30',19,'3341188',15,21),('2015-11-30',19,'3341187',16,17),('2015-11-30',19,'3341186',12,14),('2015-11-30',19,'3341194',14,16),('2015-11-30',19,'3341193',8,10),('2015-11-30',19,'3341189',2,3),('2015-11-30',19,'3311112',12,15),('2015-11-30',19,'3347463',10,8),('2015-11-30',19,'3347465',10,8),('2015-11-30',19,'3350047',17,7),('2015-11-30',19,'3350049',15,9),('2015-11-30',19,'3350048',19,5),('2015-11-30',19,'3350050',18,6),('2015-11-30',19,'3311115',15,9),('2015-11-30',19,'3341192',3,1),('2015-11-30',19,'3341190',22,16),('2015-11-30',19,'3341187',17,15),('2015-11-30',19,'3341186',14,10),('2015-11-30',19,'3341194',16,12),('2015-11-30',19,'3341193',10,6),('2015-11-30',19,'3341189',3,1),('2015-11-30',19,'3311112',15,9),('2015-12-30',10,'3350047',6,1),('2015-12-30',10,'3350049',6,2),('2015-12-30',10,'3350048',6,5),('2015-12-30',10,'3350050',6,4),('2015-12-30',10,'3311115',6,5),('2015-12-30',10,'3341192',6,5),('2015-12-30',10,'3341190',44,31),('2015-12-30',10,'3341191',30,17),('2015-12-30',10,'3341188',37,20),('2015-12-30',10,'3341193',21,14),('2015-12-30',10,'3341189',39,34),('2015-12-30',10,'3311112',12,2),('2015-11-30',8,'3311113',4,0),('2015-11-30',8,'3311114',8,1),('2015-11-30',8,'3311115',5,2),('2015-11-30',8,'3341190',27,18),('2015-11-30',8,'3341191',25,21),('2015-11-30',8,'3341188',17,14),('2015-11-30',8,'3341194',10,9),('2015-11-30',8,'3341193',10,3),('2015-11-30',8,'3341189',21,20),('2015-11-30',8,'3311112',24,15),('2015-11-30',20,'3347464',3,2),('2015-11-30',20,'3347465',3,2),('2015-11-30',20,'3347462',4,2),('2015-11-30',20,'3350049',12,7),('2015-11-30',20,'3350048',12,9),('2015-11-30',20,'3350050',12,8),('2015-11-30',20,'3311113',1,0),('2015-11-30',20,'3311114',2,0),('2015-11-30',20,'3341192',8,6),('2015-11-30',20,'3341190',5,0),('2015-11-30',20,'3341191',24,23),('2015-11-30',20,'3341188',11,8),('2015-11-30',20,'3341187',19,17),('2015-11-30',20,'3341186',24,22),('2015-11-30',20,'3341194',12,10),('2015-11-30',20,'3341193',7,6),('2015-11-30',20,'3341195',14,13),('2015-11-30',20,'3311112',24,21),('2015-11-30',1,'3311113',10,9),('2015-11-30',1,'3311114',4,3),('2015-11-30',1,'3311115',4,2),('2015-11-30',1,'3341190',21,20),('2015-11-30',1,'3341188',5,-10),('2015-11-30',1,'3341187',12,8),('2015-11-30',1,'3341186',8,5),('2015-11-30',1,'3341194',9,7),('2015-11-30',1,'3341193',4,2),('2015-11-30',1,'3341189',8,5),('2015-11-30',1,'3311112',20,9),('2015-11-30',2,'3311113',9,3),('2015-11-30',2,'3311114',10,6),('2015-11-30',2,'3311115',6,5),('2015-11-30',2,'3341190',21,20),('2015-11-30',2,'3341191',38,37),('2015-11-30',2,'3341188',28,25),('2015-11-30',2,'3341193',19,18),('2015-11-30',2,'3311112',11,5),('2015-12-30',6,'3350047',0,-1),('2015-12-30',6,'3350049',0,-1),('2015-12-30',6,'3341192',5,2),('2015-12-30',6,'3341188',24,20),('2015-12-30',6,'3341187',9,4),('2015-12-30',6,'3341186',5,1),('2015-12-30',6,'3341194',6,4),('2015-12-30',6,'3341193',2,-2),('2015-12-30',6,'3341195',4,2),('2015-12-30',6,'3341189',12,10),('2015-12-30',6,'3311112',0,-1),('2015-11-30',11,'3350047',12,7),('2015-11-30',11,'3350049',12,10),('2015-11-30',11,'3350048',12,8),('2015-11-30',11,'3350050',12,8),('2015-11-30',11,'3341190',9,2),('2015-11-30',11,'3341194',4,3),('2015-11-30',11,'3341189',4,2),('2015-11-30',11,'3311112',12,1),('2015-11-30',15,'3311113',8,6),('2015-11-30',15,'3311114',9,7),('2015-11-30',15,'3341192',9,6),('2015-11-30',15,'3341190',6,3),('2015-11-30',15,'3341191',5,3),('2015-11-30',15,'3341188',25,21),('2015-11-30',15,'3341187',7,6),('2015-11-30',15,'3341186',14,8),('2015-11-30',15,'3341194',7,4),('2015-11-30',15,'3341193',8,5),('2015-11-30',15,'3341189',10,8),('2015-11-30',25,'3350047',12,9),('2015-11-30',25,'3350048',12,11),('2015-11-30',25,'3350050',12,11),('2015-11-30',25,'3341190',17,13),('2015-11-30',25,'3341191',28,22),('2015-11-30',25,'3341188',20,14),('2015-11-30',25,'3341187',7,-1),('2015-11-30',25,'3341186',8,7),('2015-11-30',25,'3341193',11,9),('2015-11-30',25,'3341189',17,13),('2015-11-30',25,'3311112',24,17),('2015-11-30',7,'3350047',12,10),('2015-11-30',7,'3350049',12,9),('2015-11-30',7,'3350048',12,10),('2015-11-30',7,'3341190',12,11),('2015-11-30',7,'3341191',18,10),('2015-11-30',7,'3341188',17,7),('2015-11-30',7,'3341193',18,17),('2015-11-30',7,'3341189',20,14),('2015-11-30',7,'3311112',12,6),('2015-11-30',4,'3311114',3,2),('2015-11-30',4,'3341188',4,-3),('2015-11-30',4,'3341187',13,12),('2015-11-30',4,'3341194',23,22),('2015-11-30',4,'3341193',5,-1),('2015-11-30',4,'3341189',15,9),('2015-11-30',18,'3341192',8,7),('2015-11-30',18,'3341190',12,6),('2015-11-30',18,'3341191',8,4),('2015-11-30',18,'3341187',15,13),('2015-11-30',18,'3341186',13,11),('2015-11-30',18,'3341189',15,13),('2015-11-30',18,'3311112',24,20),('2015-11-30',21,'3347464',2,0),('2015-11-30',21,'3347462',7,6),('2015-11-30',21,'3311114',2,1),('2015-11-30',21,'3341192',3,2),('2015-11-30',21,'3341187',4,3),('2015-11-30',21,'3341194',16,15),('2015-11-30',21,'3341193',13,12),('2015-11-30',21,'3341189',4,3),('2015-11-30',12,'3341191',35,33),('2015-11-30',12,'3341194',14,13),('2015-11-30',12,'3341189',7,6),('2015-11-30',24,'3341192',5,4),('2015-11-30',24,'3341190',1,-1),('2015-11-30',24,'3341191',3,2),('2015-11-30',24,'3341188',-1,-2),('2015-11-30',24,'3341194',8,7),('2015-11-30',24,'3341189',13,10),('2015-11-30',14,'3341192',5,3),('2015-11-30',14,'3341189',3,2),('2015-11-30',9,'3341187',2,1),('2015-11-30',9,'3341194',14,12),('2015-11-30',9,'3311112',0,-1),('2015-12-12',26,'3350047',0,8),('2015-12-12',26,'3350049',0,10),('2015-12-12',26,'3350048',0,10),('2015-12-12',26,'3350050',0,6),('2015-12-12',26,'3341192',0,20),('2015-12-12',26,'3341190',0,16),('2015-12-12',26,'3341191',0,16),('2015-12-12',26,'3341188',0,16),('2015-12-12',26,'3341187',0,8),('2015-12-12',26,'3341186',0,8),('2015-12-12',26,'3341194',0,8),('2015-12-12',26,'3341193',0,8),('2015-12-12',26,'3341195',0,8),('2015-12-12',26,'3341189',0,16),('2015-12-12',26,'3311112',0,8),('2015-12-30',11,'3350047',7,13),('2015-12-30',11,'3350049',10,16),('2015-12-30',11,'3350048',8,14),('2015-12-30',11,'3350050',8,14),('2015-12-30',11,'3311112',1,13),('2015-12-27',9,'3311114',1,0),('2015-12-27',9,'3341194',12,0),('2015-12-27',9,'3341193',7,0),('2015-12-27',9,'3341195',13,4),('2015-12-27',9,'3341189',1,0),('2015-12-27',9,'3311112',23,21),('2015-12-31',1,'3311113',9,8),('2015-12-31',1,'3311115',2,1),('2015-12-31',1,'3341189',5,1),('2015-12-31',1,'3311112',9,7),('2015-12-31',2,'3311113',3,2),('2015-12-31',2,'3311114',6,5),('2015-12-31',2,'3311115',5,4),('2015-12-31',2,'3341191',37,31),('2015-12-31',2,'3341194',13,12),('2015-12-31',2,'3341193',18,17),('2015-12-31',2,'3341189',10,9),('2015-12-31',3,'3350047',7,4),('2015-12-31',3,'3350049',7,1),('2015-12-31',3,'3350048',6,3),('2015-12-31',3,'3350050',9,5),('2015-12-31',3,'3341192',3,1),('2015-12-31',3,'3341190',32,22),('2015-12-31',3,'3341191',37,10),('2015-12-31',3,'3341188',10,6),('2015-12-31',3,'3341187',31,13),('2015-12-31',3,'3341186',20,5),('2015-12-31',3,'3341194',2,1),('2015-12-31',3,'3311112',10,0),('2015-12-31',15,'3350047',12,3),('2015-12-31',15,'3350049',12,7),('2015-12-31',15,'3350048',12,7),('2015-12-31',15,'3350050',12,8),('2015-12-31',15,'3341192',26,24),('2015-12-31',15,'3341190',18,11),('2015-12-31',15,'3341191',18,16),('2015-12-31',15,'3341187',16,13),('2015-12-31',15,'3341194',4,3),('2015-12-31',15,'3341193',5,4),('2015-12-31',15,'3311112',20,11),('2015-12-31',5,'3350047',27,20),('2015-12-31',5,'3350049',27,21),('2015-12-31',5,'3350048',20,19),('2015-12-31',5,'3350050',16,12),('2015-12-31',5,'3341190',40,28),('2015-12-31',5,'3341191',49,45),('2015-12-31',5,'3341187',12,11),('2015-12-31',5,'3341193',37,35),('2015-12-31',5,'3341189',80,68),('2015-12-31',5,'3311112',35,25),('2015-12-31',19,'3350047',7,1),('2015-12-31',19,'3350049',9,1),('2015-12-31',19,'3350048',5,2),('2015-12-31',19,'3350050',6,5),('2015-12-31',19,'3311115',9,8),('2015-12-31',19,'3341192',1,0),('2015-12-31',19,'3341190',16,10),('2015-12-31',19,'3341191',42,38),('2015-12-31',19,'3341188',21,15),('2015-12-31',19,'3341187',15,14),('2015-12-31',19,'3341186',10,9),('2015-12-31',19,'3341194',12,11),('2015-12-31',19,'3341193',6,4),('2015-12-31',19,'3311112',9,7),('2015-12-31',7,'3350047',10,6),('2015-12-31',7,'3350049',9,2),('2015-12-31',7,'3350048',10,7),('2015-12-31',7,'3350050',12,7),('2015-12-31',7,'3341193',17,16),('2015-12-31',20,'3350047',12,8),('2015-12-31',20,'3350049',7,2),('2015-12-31',20,'3350048',9,7),('2015-12-31',20,'3350050',8,7),('2015-12-31',20,'3341192',6,5),('2015-12-31',20,'3341190',0,-3),('2015-12-31',20,'3341191',23,18),('2015-12-31',20,'3341188',8,2),('2015-12-31',20,'3341186',22,15),('2015-12-31',6,'3350047',4,1),('2015-12-31',6,'3350049',4,-1),('2015-12-31',6,'3350048',5,2),('2015-12-31',6,'3350050',5,4),('2015-12-31',6,'3341192',12,9),('2015-12-31',6,'3311112',4,1),('2015-12-31',23,'3350047',3,1),('2015-12-31',23,'3350049',3,2),('2015-12-31',23,'3350048',7,4),('2015-12-31',23,'3350050',10,7),('2015-12-31',23,'3341188',5,-1),('2015-12-31',23,'3341186',11,10),('2015-12-31',23,'3341189',11,7),('2015-12-31',23,'3311112',24,13),('2015-12-31',11,'3350047',13,10),('2015-12-31',11,'3350049',16,12),('2015-12-31',11,'3350048',14,9),('2015-12-31',11,'3350050',14,12),('2015-12-31',11,'3341190',2,1),('2015-12-31',25,'3350047',9,6),('2015-12-31',25,'3350049',12,10),('2015-12-31',25,'3350048',11,8),('2015-12-31',25,'3350050',11,9),('2015-12-31',25,'3341190',13,8),('2015-12-31',25,'3341191',22,17),('2015-12-31',25,'3341188',14,12),('2015-12-31',25,'3341186',7,5),('2015-12-31',10,'3350047',13,12),('2015-12-31',10,'3350048',17,14),('2015-12-31',10,'3350050',16,14),('2015-12-31',10,'3311115',5,4),('2015-12-31',10,'3341192',5,4),('2015-12-31',10,'3341190',31,27),('2015-12-31',10,'3341186',11,10),('2015-12-31',10,'3341189',34,33),('2015-12-31',10,'3311112',22,16),('2015-12-31',18,'3350048',0,-1),('2015-12-31',18,'3341191',4,1),('2015-12-31',18,'3341187',13,7),('2015-12-31',18,'3341186',11,9),('2015-12-31',18,'3311112',44,42),('2015-12-31',12,'3311114',3,1),('2015-12-31',12,'3341188',-4,-5),('2015-12-31',12,'3341187',4,3),('2015-12-31',12,'3341189',6,4),('2015-12-31',26,'3350049',10,8),('2015-12-31',26,'3350048',10,9),('2015-12-31',26,'3350050',6,5),('2015-12-31',26,'3341188',16,15),('2015-12-31',8,'3347462',5,4),('2015-12-31',8,'3341192',1,0),('2015-12-31',8,'3341194',9,8),('2015-12-31',8,'3311112',15,13),('2015-12-31',24,'3341194',7,6),('2015-12-31',4,'3350048',6,5),('2015-12-31',4,'3350050',6,5),('2015-12-31',9,'3350047',6,5),('2015-12-31',9,'3350049',6,5),('2015-12-31',14,'3341192',3,2);
/*!40000 ALTER TABLE `STOCK_LOG` ENABLE KEYS */;
UNLOCK TABLES;

--
-- Table structure for table `SUPPLY`
--

DROP TABLE IF EXISTS `SUPPLY`;
/*!40101 SET @saved_cs_client     = @@character_set_client */;
/*!40101 SET character_set_client = utf8 */;
CREATE TABLE `SUPPLY` (
  `SUPPLY_DATE` date DEFAULT NULL,
  `OUTLET_ID` int(11) DEFAULT NULL,
  `PRODUCT_NUMBER` varchar(11) DEFAULT NULL,
  `QUANTITY` int(11) DEFAULT NULL
) ENGINE=InnoDB DEFAULT CHARSET=latin1;
/*!40101 SET character_set_client = @saved_cs_client */;

--
-- Dumping data for table `SUPPLY`
--

LOCK TABLES `SUPPLY` WRITE;
/*!40000 ALTER TABLE `SUPPLY` DISABLE KEYS */;
INSERT INTO `SUPPLY` VALUES ('2015-08-05',5,'3341187',23),('2015-08-05',5,'3347465',12),('2015-08-05',5,'3341190',43),('2015-08-05',5,'3341191',44),('2015-08-05',5,'3341194',36),('2015-08-05',5,'3341193',34),('2015-08-05',5,'3341195',20),('2015-08-05',5,'3341189',53),('2015-08-12',10,'3341190',45),('2015-08-12',10,'3341191',33),('2015-08-12',10,'3341188',57),('2015-08-12',10,'3341193',29),('2015-08-16',22,'3341190',20),('2015-08-16',22,'3341191',20),('2015-08-16',22,'3341188',20),('2015-08-16',22,'3341194',21),('2015-08-16',22,'3341193',30),('2015-08-16',22,'3341189',24),('2015-08-23',2,'3341190',26),('2015-08-23',2,'3341191',28),('2015-08-23',2,'3341188',56),('2015-08-23',2,'3341193',32),('2015-08-23',2,'3341189',33),('2015-08-29',25,'3341190',24),('2015-08-29',25,'3341191',20),('2015-08-29',25,'3341188',20),('2015-08-29',25,'3341187',14),('2015-08-29',25,'3341194',13),('2015-08-29',25,'3341193',11),('2015-08-29',25,'3341189',20),('2015-08-29',4,'3341188',41),('2015-08-29',4,'3341187',21),('2015-08-29',4,'3341186',20),('2015-08-29',4,'3341194',22),('2015-08-29',4,'3341193',22),('2015-08-29',4,'3341195',22),('2015-09-02',21,'3347463',8),('2015-09-02',21,'3347464',8),('2015-09-02',21,'3347465',6),('2015-09-02',21,'3347462',8),('2015-09-02',21,'3341192',10),('2015-09-02',21,'3341190',15),('2015-09-02',21,'3341191',11),('2015-09-02',21,'3341188',22),('2015-09-02',21,'3341187',10),('2015-09-02',21,'3341186',10),('2015-09-02',21,'3341194',20),('2015-09-02',21,'3341193',21),('2015-09-02',21,'3341195',10),('2015-09-02',21,'3341189',25),('2015-09-02',23,'3347463',6),('2015-09-02',23,'3347464',7),('2015-09-02',23,'3347465',7),('2015-09-02',23,'3347462',7),('2015-09-02',23,'3341190',28),('2015-09-02',23,'3341191',32),('2015-09-02',23,'3341188',36),('2015-09-02',23,'3341187',31),('2015-09-02',23,'3341186',16),('2015-09-02',23,'3341194',15),('2015-09-02',23,'3341193',18),('2015-09-02',23,'3341195',24),('2015-09-02',23,'3341189',25),('2015-09-06',6,'3347463',6),('2015-09-06',6,'3347464',6),('2015-09-06',6,'3347465',6),('2015-09-06',6,'3347462',6),('2015-09-06',6,'3341192',5),('2015-09-06',6,'3341188',28),('2015-09-06',6,'3341187',9),('2015-09-06',6,'3341186',5),('2015-09-06',6,'3341189',33),('2015-09-06',15,'3341190',30),('2015-09-06',15,'3341191',32),('2015-09-06',15,'3341188',30),('2015-09-06',15,'3341187',13),('2015-09-06',15,'3341186',18),('2015-09-06',15,'3341194',14),('2015-09-06',15,'3341193',11),('2015-09-06',15,'3341195',13),('2015-09-06',15,'3341189',18),('2015-09-07',20,'3347464',12),('2015-09-07',20,'3347465',13),('2015-09-07',20,'3347462',13),('2015-09-07',20,'3341192',15),('2015-09-07',20,'3341190',26),('2015-09-07',20,'3341188',35),('2015-09-07',20,'3341187',24),('2015-09-07',20,'3341186',27),('2015-09-07',20,'3341194',15),('2015-09-07',20,'3341193',17),('2015-09-07',20,'3341195',16),('2015-09-09',19,'3347463',12),('2015-09-09',19,'3347464',12),('2015-09-09',19,'3347465',12),('2015-09-09',19,'3347462',12),('2015-09-09',19,'3341192',16),('2015-09-09',19,'3341188',35),('2015-09-09',19,'3341194',19),('2015-09-09',5,'3347463',12),('2015-09-09',5,'3347464',10),('2015-09-09',5,'3347465',7),('2015-09-09',5,'3347462',10),('2015-09-09',5,'3341190',36),('2015-09-09',5,'3341191',35),('2015-09-09',5,'3341188',29),('2015-09-09',5,'3341187',16),('2015-09-09',5,'3341189',56),('2015-09-10',3,'3341192',7),('2015-09-10',3,'3341190',28),('2015-09-10',3,'3341191',20),('2015-09-10',3,'3341187',18),('2015-09-10',3,'3341186',12),('2015-09-10',5,'3347463',18),('2015-09-10',5,'3347464',16),('2015-09-10',5,'3347465',13),('2015-09-10',5,'3347462',16),('2015-09-10',5,'3341190',56),('2015-09-10',5,'3341191',55),('2015-09-10',5,'3341188',49),('2015-09-10',5,'3341187',26),('2015-09-10',5,'3341189',76),('2015-09-12',11,'3341190',10),('2015-09-12',11,'3341191',10),('2015-09-12',11,'3341188',20),('2015-09-12',11,'3341189',12),('2015-09-19',5,'3347463',24),('2015-09-19',5,'3347464',21),('2015-09-19',5,'3347465',20),('2015-09-19',5,'3347462',22),('2015-09-19',5,'3341194',23),('2015-09-19',5,'3341193',21),('2015-09-19',5,'3341195',25),('2015-09-19',24,'3341192',10),('2015-09-19',24,'3341188',13),('2015-09-19',24,'3341187',8),('2015-09-19',24,'3341186',6),('2015-09-21',3,'3341190',78),('2015-09-21',3,'3341191',70),('2015-10-03',10,'3341190',51),('2015-10-03',10,'3341191',38),('2015-10-03',10,'3341188',61),('2015-10-03',10,'3341193',30),('2015-10-03',10,'3341189',44),('2015-10-10',3,'3341192',10),('2015-10-10',3,'3341190',70),('2015-10-10',3,'3341191',64),('2015-10-10',3,'3341187',31),('2015-10-10',3,'3341186',30),('2015-10-10',3,'3341194',6),('2015-10-10',3,'3341193',7),('2015-10-11',4,'3341190',26),('2015-10-11',4,'3341188',17),('2015-10-11',4,'3341194',25),('2015-10-11',4,'3341189',18),('2015-10-11',5,'3347463',14),('2015-10-11',5,'3347464',13),('2015-10-11',5,'3347462',13),('2015-10-11',5,'3341188',41),('2015-10-11',5,'3341194',25),('2015-10-11',5,'3341193',27),('2015-10-11',5,'3341195',20),('2015-10-11',5,'3341189',65),('2015-10-15',15,'3311113',6),('2015-10-15',15,'3311114',7),('2015-10-15',15,'3311115',7),('2015-10-15',15,'3341192',6),('2015-10-15',15,'3341188',22),('2015-10-15',15,'3341187',13),('2015-10-15',15,'3341186',12),('2015-10-15',15,'3341193',8),('2015-10-15',15,'3341189',8),('2015-10-18',15,'3311113',12),('2015-10-18',15,'3311114',13),('2015-10-18',15,'3311115',13),('2015-10-18',15,'3341192',12),('2015-10-18',15,'3341188',42),('2015-10-18',15,'3341187',19),('2015-10-18',15,'3341186',18),('2015-10-18',15,'3341193',14),('2015-10-18',15,'3341189',14),('2015-10-19',23,'3341190',25),('2015-10-19',23,'3341191',23),('2015-10-19',23,'3341188',20),('2015-10-19',23,'3341194',19),('2015-10-19',23,'3341193',18),('2015-10-19',23,'3341189',16),('2015-10-21',8,'3311113',6),('2015-10-21',8,'3311114',9),('2015-10-21',8,'3341190',37),('2015-10-21',8,'3341191',25),('2015-10-21',8,'3341188',24),('2015-10-21',8,'3341189',24),('2015-10-21',8,'3311112',24),('2015-10-25',1,'3311113',6),('2015-10-25',1,'3311114',6),('2015-10-25',1,'3311115',6),('2015-10-25',1,'3341190',21),('2015-10-25',1,'3341191',20),('2015-10-25',1,'3341188',20),('2015-10-25',1,'3341187',12),('2015-10-25',1,'3341186',10),('2015-10-25',1,'3341194',10),('2015-10-25',1,'3341193',11),('2015-10-25',1,'3341195',11),('2015-10-25',1,'3341189',23),('2015-10-25',1,'3311112',20),('2015-10-29',2,'3311113',20),('2015-10-29',2,'3311114',18),('2015-10-29',2,'3311115',10),('2015-10-29',2,'3341191',45),('2015-10-29',2,'3341188',42),('2015-10-29',2,'3341194',14),('2015-10-29',2,'3341193',25),('2015-10-29',2,'3311112',12),('2015-11-01',18,'3341192',8),('2015-11-01',18,'3341188',20),('2015-11-01',18,'3341187',15),('2015-11-01',18,'3341186',13),('2015-11-01',18,'3341194',13),('2015-11-01',18,'3341193',16),('2015-11-01',18,'3341195',12),('2015-11-01',18,'3341189',15),('2015-11-01',18,'3311112',24),('2015-11-01',5,'3350047',12),('2015-11-01',5,'3350049',12),('2015-11-01',5,'3350048',12),('2015-11-01',5,'3350050',12),('2015-11-01',5,'3341189',74),('2015-11-01',5,'3311112',12),('2015-11-02',10,'3350047',6),('2015-11-02',10,'3350049',6),('2015-11-02',10,'3350048',6),('2015-11-02',10,'3350050',6),('2015-11-02',10,'3311115',6),('2015-11-02',10,'3341192',6),('2015-11-02',10,'3341187',6),('2015-11-02',10,'3341186',11),('2015-11-02',10,'3311112',12),('2015-11-04',11,'3350047',12),('2015-11-04',11,'3350049',12),('2015-11-04',11,'3350048',12),('2015-11-04',11,'3350050',12),('2015-11-04',11,'3311112',12),('2015-11-08',3,'3350047',6),('2015-11-08',3,'3350049',6),('2015-11-08',3,'3350048',6),('2015-11-08',3,'3350050',6),('2015-11-08',3,'3341191',45),('2015-11-08',3,'3341186',26),('2015-11-08',3,'3311112',24),('2015-11-11',19,'3350047',12),('2015-11-11',19,'3350049',12),('2015-11-11',19,'3350048',12),('2015-11-11',19,'3350050',12),('2015-11-11',19,'3311115',12),('2015-11-11',19,'3341188',15),('2015-11-11',19,'3311112',12),('2015-11-12',25,'3350047',12),('2015-11-12',25,'3350049',12),('2015-11-12',25,'3350048',12),('2015-11-12',25,'3350050',12),('2015-11-12',25,'3311112',24),('2015-11-12',23,'3350047',12),('2015-11-12',23,'3350049',12),('2015-11-12',23,'3350048',12),('2015-11-12',23,'3350050',12),('2015-11-12',23,'3311112',24),('2015-11-19',23,'3350047',24),('2015-11-19',23,'3350049',24),('2015-11-19',23,'3350048',24),('2015-11-19',23,'3350050',24),('2015-11-19',23,'3341191',40),('2015-11-19',23,'3341187',21),('2015-11-19',23,'3341186',11),('2015-11-19',23,'3311112',48),('2015-11-19',20,'3350047',24),('2015-11-19',20,'3350049',24),('2015-11-19',20,'3350048',24),('2015-11-19',20,'3350050',24),('2015-11-19',20,'3341191',48),('2015-11-19',20,'3341187',30),('2015-11-19',20,'3341186',25),('2015-11-19',20,'3311112',48),('2015-11-19',20,'3350047',12),('2015-11-19',20,'3350049',12),('2015-11-19',20,'3350048',12),('2015-11-19',20,'3350050',12),('2015-11-19',20,'3341191',24),('2015-11-19',20,'3341187',19),('2015-11-19',20,'3341186',24),('2015-11-19',20,'3311112',24),('2015-11-30',3,'3341188',17),('2015-11-30',3,'3341187',46),('2015-11-30',3,'3341186',50),('2015-11-30',3,'3311112',36),('2015-11-30',5,'3347463',14),('2015-11-30',5,'3347464',10),('2015-11-30',5,'3347462',11),('2015-11-30',5,'3350047',21),('2015-11-30',5,'3350049',21),('2015-11-30',5,'3350048',20),('2015-11-30',5,'3350050',16),('2015-11-30',5,'3341190',40),('2015-11-30',5,'3341191',49),('2015-11-30',5,'3341194',19),('2015-11-30',5,'3341193',25),('2015-11-30',5,'3341195',18),('2015-11-30',5,'3341189',80),('2015-11-30',5,'3311112',24),('2015-11-30',19,'3347463',10),('2015-11-30',19,'3347465',10),('2015-11-30',19,'3350047',17),('2015-11-30',19,'3350049',15),('2015-11-30',19,'3350048',19),('2015-11-30',19,'3350050',18),('2015-11-30',19,'3311115',15),('2015-11-30',19,'3341192',3),('2015-11-30',19,'3341190',22),('2015-11-30',19,'3341188',21),('2015-11-30',19,'3341187',17),('2015-11-30',19,'3341186',14),('2015-11-30',19,'3341194',16),('2015-11-30',19,'3341193',10),('2015-11-30',19,'3341189',3),('2015-11-30',19,'3311112',15),('2015-12-12',26,'3350047',8),('2015-12-12',26,'3350049',10),('2015-12-12',26,'3350048',10),('2015-12-12',26,'3350050',6),('2015-12-12',26,'3341192',20),('2015-12-12',26,'3341190',16),('2015-12-12',26,'3341191',16),('2015-12-12',26,'3341188',16),('2015-12-12',26,'3341187',8),('2015-12-12',26,'3341186',8),('2015-12-12',26,'3341194',8),('2015-12-12',26,'3341193',8),('2015-12-12',26,'3341195',8),('2015-12-12',26,'3341189',16),('2015-12-12',26,'3311112',8),('2015-12-30',11,'3350047',13),('2015-12-30',11,'3350049',16),('2015-12-30',11,'3350048',14),('2015-12-30',11,'3350050',14),('2015-12-30',11,'3311112',13);
/*!40000 ALTER TABLE `SUPPLY` ENABLE KEYS */;
UNLOCK TABLES;
/*!40103 SET TIME_ZONE=@OLD_TIME_ZONE */;

/*!40101 SET SQL_MODE=@OLD_SQL_MODE */;
/*!40014 SET FOREIGN_KEY_CHECKS=@OLD_FOREIGN_KEY_CHECKS */;
/*!40014 SET UNIQUE_CHECKS=@OLD_UNIQUE_CHECKS */;
/*!40101 SET CHARACTER_SET_CLIENT=@OLD_CHARACTER_SET_CLIENT */;
/*!40101 SET CHARACTER_SET_RESULTS=@OLD_CHARACTER_SET_RESULTS */;
/*!40101 SET COLLATION_CONNECTION=@OLD_COLLATION_CONNECTION */;
/*!40111 SET SQL_NOTES=@OLD_SQL_NOTES */;

-- Dump completed on 2016-01-20 17:41:53
